Word,Average SER,
abbey,4.00,
abbot,1.27,
abduct,4.10,
able,1.73,
aboard,2.27,
abode,3.20,
abort,3.00,
about,1.20,
above,2.91,
abreast,2.00,
abroad,4.50,
abrupt,3.10,
absence,2.82,
absent,2.27,
absolve,1.91,
absorb,3.50,
abstract,2.80,
absurd,3.55,
abuse,3.00,
abyss,5.60,
accent,4.27,
accept,2.64,
access,2.40,
accord,2.20,
account,2.30,
accuse,2.45,
ace,2.20,
ache,4.82,
achieve,3.36,
acid,4.60,
acne,5.20,
acorn,3.18,
acquire,2.20,
acre,3.60,
act,2.55,
action,2.70,
active,3.64,
actor,2.60,
actress,5.20,
acute,2.27,
ad,1.40,
adage,1.30,
adapt,2.73,
add,2.20,
addict,4.00,
address,2.55,
adept,1.70,
adhere,2.50,
adjourn,2.10,
adjust,2.45,
admire,3.00,
admit,1.60,
ado,1.50,
adopt,2.70,
adore,4.30,
adrift,3.18,
adult,4.00,
advance,2.10,
adverse,1.70,
advice,2.45,
advise,2.10,
afar,2.91,
affair,2.73,
affect,2.20,
afford,2.40,
affront,2.20,
afloat,3.91,
afoot,2.30,
afraid,3.00,
after,1.60,
again,1.64,
against,2.00,
age,2.25,
agent,2.80,
ago,1.27,
agree,1.80,
agreed,1.70,
ahead,2.60,
aid,2.40,
aide,1.60,
ail,2.10,
ailment,3.82,
aim,1.27,
airport,4.70,
aisle,2.67,
alarm,5.11,
alas,1.30,
album,3.64,
ale,2.82,
alert,3.60,
align,2.30,
alike,3.00,
alive,3.82,
all,1.40,
alley,4.00,
allow,2.30,
alloy,2.00,
allure,2.30,
ally,3.30,
almond,4.91,
almost,2.40,
alms,2.25,
aloft,2.36,
alone,2.80,
along,1.64,
aloof,3.20,
aloud,2.60,
alp,1.82,
alpha,1.30,
alright,2.91,
also,1.27,
altar,3.64,
alter,2.09,
although,1.09,
alto,2.09,
always,2.10,
am,1.50,
amaze,3.30,
amber,5.50,
ambush,3.73,
amen,4.73,
amend,1.73,
amid,2.09,
amidst,1.80,
amiss,1.90,
ammo,3.91,
among,1.60,
amount,1.73,
amuck,3.00,
amuse,3.45,
an,1.00,
anchor,5.20,
ancient,3.80,
and,1.00,
android,2.36,
anew,1.55,
angel,4.09,
anger,4.82,
angle,2.90,
angry,4.00,
anguish,3.27,
ankle,3.27,
annals,2.27,
annex,1.73,
announce,2.40,
annoy,3.40,
answer,1.90,
ant,3.08,
ante,1.40,
anthem,4.30,
anthrax,4.00,
antique,3.60,
antsy,4.10,
anvil,4.10,
anxious,4.27,
any,1.30,
apart,3.18,
ape,4.18,
apex,2.00,
appeal,2.73,
appear,2.50,
applaud,4.64,
applause,4.82,
apple,4.60,
apply,1.60,
appoint,2.00,
approach,2.50,
approve,2.10,
apron,2.91,
apse,1.18,
apt,1.18,
arbor,2.27,
arc,2.60,
arcade,3.27,
arch,2.50,
archive,2.64,
arctic,5.00,
ardent,2.09,
are,1.17,
argue,3.20,
arise,2.30,
ark,2.64,
arm,2.50,
armor,4.36,
armour,3.90,
army,4.27,
arose,3.10,
around,1.90,
arouse,4.36,
arrange,1.82,
array,2.27,
arrest,3.36,
arrive,2.27,
arrow,3.36,
arson,4.00,
art,4.09,
artist,3.00,
arts,3.40,
as,1.25,
ascend,2.55,
aside,1.80,
ask,2.00,
asleep,3.27,
aspect,1.82,
aspen,3.36,
asphalt,4.30,
aspire,2.30,
ass,3.27,
assault,4.90,
assert,2.20,
assess,2.90,
asset,2.09,
assign,1.90,
assist,2.10,
assume,1.50,
assure,1.90,
asthma,3.00,
astral,1.80,
astray,1.70,
astute,1.64,
at,1.00,
ate,3.27,
athlete,4.20,
atlas,4.40,
atom,2.70,
atone,2.55,
attach,2.18,
attack,4.27,
attain,2.20,
attempt,2.18,
attend,2.00,
attic,4.80,
attire,2.91,
attract,2.60,
auction,3.36,
audit,2.20,
aunt,3.00,
aura,3.50,
author,2.00,
auto,2.36,
autumn,6.00,
avail,1.64,
avenge,2.45,
avert,2.09,
avoid,2.60,
await,2.18,
awake,4.50,
award,3.91,
aware,2.45,
away,1.90,
awe,3.36,
awesome,3.18,
awful,3.00,
awhile,1.80,
awkward,3.64,
awoke,4.40,
awry,1.60,
ax,2.82,
axe,4.18,
axis,2.45,
axle,2.18,
babble,3.20,
babe,2.75,
baboon,3.36,
baby,5.40,
back,2.50,
backward,2.45,
bacon,5.82,
badge,2.00,
bag,1.45,
bagel,5.00,
baggage,3.60,
bail,2.27,
bailiff,1.45,
bait,1.91,
bake,4.25,
balance,2.73,
bald,2.75,
bale,2.36,
balk,2.18,
ball,3.27,
ballad,3.45,
ballast,1.45,
ballet,3.40,
balloon,5.45,
ballot,2.73,
balm,2.45,
bamboo,4.09,
ban,2.91,
band,1.73,
bandage,4.27,
bandit,1.82,
bane,1.10,
bang,3.55,
banish,2.30,
banjo,4.36,
bank,2.92,
bankrupt,2.10,
banner,4.09,
banquet,4.00,
banshee,4.50,
banter,3.36,
baptize,4.20,
barb,2.30,
barber,4.36,
bare,3.70,
barely,1.45,
bargain,3.00,
barge,2.60,
bark,4.64,
barley,3.40,
barn,3.30,
barrage,2.82,
barrel,2.80,
barren,3.45,
barter,2.00,
base,2.09,
baseball,4.90,
basement,4.50,
bash,2.67,
bashful,3.70,
basic,2.30,
basil,5.30,
basin,2.90,
basis,1.64,
bask,2.09,
basket,2.55,
bass,2.64,
bastard,3.09,
baste,2.50,
bat,3.40,
batch,3.10,
bathe,3.64,
bathroom,3.64,
baton,3.00,
battle,4.36,
batty,2.27,
bawl,3.10,
bay,2.64,
bayou,3.64,
bazaar,3.60,
be,1.91,
beach,3.60,
beacon,4.20,
bead,1.45,
beam,4.80,
beanie,3.00,
bear,3.82,
beard,4.55,
beast,4.36,
beat,2.75,
beatnik,2.36,
beau,2.42,
beauty,5.18,
beaver,4.18,
because,1.36,
beck,1.18,
become,2.27,
bed,4.09,
bedlam,2.40,
bedroom,4.50,
bee,4.27,
beech,1.00,
beef,3.67,
been,1.09,
beer,3.58,
beet,3.00,
beetle,3.00,
befall,1.73,
before,1.30,
beg,2.50,
beggar,3.40,
begin,2.00,
behalf,2.00,
behave,1.70,
behind,2.91,
behold,2.73,
beige,2.73,
being,3.70,
belch,2.55,
belief,1.90,
believe,2.40,
bell,3.91,
belle,4.27,
belly,3.55,
belong,2.60,
below,2.80,
belt,4.27,
bench,2.40,
bend,3.64,
beneath,2.18,
benign,3.22,
bent,3.45,
bequeath,1.30,
beret,2.73,
berserk,2.73,
berth,1.70,
beseech,1.80,
beside,1.73,
best,2.00,
bestow,1.50,
bet,2.10,
betray,2.91,
better,2.18,
between,2.82,
beware,3.67,
beyond,2.60,
bias,1.90,
bib,1.82,
bible,3.10,
bid,1.80,
bide,1.50,
big,2.20,
bigot,2.60,
bike,3.00,
bile,2.40,
bilge,1.83,
bill,3.00,
bimbo,3.60,
bin,1.82,
bind,2.18,
binge,2.50,
bingo,4.30,
birch,2.18,
bird,3.60,
birthday,5.60,
biscuit,3.91,
bistro,2.91,
bit,2.40,
bitch,2.45,
bite,3.30,
bitter,5.20,
bizarre,4.00,
blab,2.91,
black,3.91,
bladder,4.18,
blade,3.40,
blah,2.30,
blame,2.64,
blanch,2.27,
bland,3.00,
blank,2.40,
blanket,5.18,
blare,3.82,
blast,4.10,
blatant,2.09,
blaze,4.60,
blazer,3.20,
bleach,3.60,
bleak,2.70,
bleat,3.50,
bled,4.40,
bleed,4.60,
blemish,4.27,
blend,3.10,
bless,3.55,
blew,3.00,
blight,2.30,
blimp,3.33,
blind,3.33,
blinds,2.60,
blink,4.25,
bliss,3.09,
blister,4.91,
blithe,2.18,
blitz,3.20,
blizzard,5.60,
bloat,4.09,
blob,2.91,
block,2.58,
blockade,3.82,
bloke,2.33,
blonde,4.45,
blood,4.30,
bloom,3.20,
blossom,4.20,
blot,2.36,
blotch,3.00,
blouse,3.18,
blow,3.27,
blown,3.55,
blubber,3.36,
blue,3.36,
bluff,1.91,
blunt,4.36,
blur,4.09,
blurt,2.91,
blush,3.82,
boa,4.18,
boar,2.73,
board,2.64,
boast,2.09,
boat,3.09,
bob,2.17,
bode,1.36,
body,4.30,
bog,2.92,
bogus,3.00,
boil,3.09,
bold,2.30,
bolt,3.27,
bomb,3.00,
bona,1.00,
bond,2.36,
bondage,4.27,
bone,3.36,
bonfire,5.20,
bonnet,2.30,
bonsai,4.60,
bonus,2.73,
boogie,3.64,
book,3.40,
bookie,2.36,
boom,3.36,
boon,1.20,
boost,2.10,
boot,2.90,
booth,1.80,
booze,4.64,
border,2.40,
bore,2.75,
bored,2.18,
boring,2.70,
borne,1.64,
borough,3.20,
borrow,1.73,
bosh,1.55,
bosom,4.09,
boss,1.60,
botch,1.45,
both,1.50,
bother,2.36,
bottle,2.27,
bottom,2.60,
bough,2.00,
bought,1.40,
boulder,4.30,
bounce,3.60,
bound,2.09,
bounty,2.60,
bouquet,3.36,
bourbon,4.55,
bout,1.50,
boutique,2.50,
bowel,2.64,
bowl,3.82,
boxer,3.64,
boy,4.18,
boycott,3.36,
bozo,2.45,
bra,3.10,
brace,2.36,
bracelet,3.45,
bracket,2.70,
brag,2.18,
braid,2.55,
braise,2.70,
bran,3.10,
branch,2.60,
brand,2.00,
brandy,3.91,
brash,2.00,
brass,3.00,
brassiere,4.40,
brat,2.55,
brave,2.09,
brawl,2.82,
braze,2.09,
breach,2.36,
bread,3.20,
breadth,1.50,
break,3.08,
breakfast,5.70,
breast,3.75,
breath,3.70,
breathe,4.36,
bred,1.73,
breech,2.45,
breed,2.10,
breeze,4.55,
brew,2.18,
bribe,2.92,
brick,2.60,
bridge,1.95,
brief,2.10,
brig,1.36,
brigade,3.60,
bright,5.09,
brim,1.50,
bring,1.20,
brink,2.18,
brisk,3.45,
brisket,5.00,
brittle,3.91,
broach,2.73,
broad,1.60,
brochure,3.00,
broil,2.40,
broke,3.27,
broker,2.73,
bronze,3.45,
brooch,1.64,
brood,2.00,
brook,3.18,
broom,2.36,
broth,3.80,
brothel,3.18,
brother,5.00,
brought,1.18,
brow,2.50,
browse,1.60,
bruise,5.10,
brunch,2.64,
brunette,4.70,
brunt,1.64,
brush,2.45,
brutal,3.60,
brute,2.55,
bubble,3.00,
buck,2.40,
bucket,2.64,
buckle,2.73,
bud,2.92,
buddy,3.36,
budge,2.30,
budget,2.27,
buff,2.18,
buffer,2.40,
buffet,4.30,
buffoon,2.90,
bug,2.90,
buggy,2.80,
bugle,2.73,
build,2.45,
building,3.45,
built,1.64,
bulb,1.91,
bulge,3.55,
bulk,1.90,
bull,3.10,
bullet,5.10,
bully,3.90,
bum,3.82,
bummer,2.90,
bump,3.30,
bun,3.58,
bunch,2.58,
bundle,2.40,
bungee,5.30,
bunion,3.90,
bunk,2.00,
bunker,3.10,
bunt,3.20,
buoy,3.27,
burden,2.80,
bureau,2.55,
burger,4.20,
burglar,4.40,
burl,1.91,
burlesque,3.27,
burn,4.91,
burp,4.73,
burr,2.82,
burro,2.09,
burrow,2.73,
burst,3.20,
bus,3.80,
bush,2.73,
bushel,2.73,
business,2.20,
buss,2.00,
bust,2.45,
bustle,3.40,
busy,2.20,
but,1.27,
butch,1.80,
butcher,4.27,
butler,3.18,
butt,3.55,
butter,5.10,
button,3.60,
buy,2.36,
buzz,4.64,
buzzard,3.82,
by,1.50,
bye,2.30,
bypass,2.27,
cab,2.80,
cabbage,3.18,
cabin,3.36,
cable,2.30,
caboose,3.70,
cache,1.45,
cactus,4.00,
caddie,2.73,
caddy,3.30,
cadet,2.27,
cafe,4.27,
caffeine,5.30,
cage,2.55,
calf,3.10,
call,2.64,
callous,3.73,
calm,3.60,
calve,2.90,
cam,1.27,
came,3.00,
camel,5.00,
camp,2.50,
campaign,2.64,
campus,4.36,
can,2.40,
canal,2.45,
cancel,1.91,
cancer,4.20,
candid,2.40,
candle,4.20,
candor,1.73,
candy,5.80,
cane,2.50,
canine,4.64,
cannon,3.27,
cannot,1.82,
canoe,3.20,
canon,4.90,
canteen,4.50,
canvas,3.09,
canvass,2.30,
cap,1.50,
cape,4.00,
caper,1.80,
capsule,3.70,
captain,3.10,
captive,3.00,
capture,3.00,
car,3.00,
carbon,2.80,
carcass,5.10,
card,3.27,
care,2.64,
career,2.27,
caress,5.20,
cargo,3.30,
carnage,4.40,
carnal,2.89,
carol,3.50,
carp,2.08,
carpet,4.67,
carriage,3.50,
carrot,4.00,
carry,3.45,
cart,2.18,
cartel,2.00,
carton,4.30,
cartoon,4.10,
cartridge,3.18,
carve,2.36,
cascade,3.64,
case,1.80,
cash,3.55,
cashier,3.20,
cashmere,4.33,
cask,1.30,
casket,4.27,
cassette,3.55,
cast,1.70,
caste,2.27,
castle,4.55,
castrate,3.36,
cat,2.60,
catch,3.18,
cattle,5.60,
caught,2.40,
caulk,2.00,
cause,2.08,
caution,3.00,
cautious,2.70,
cave,3.10,
cavern,4.40,
cayenne,3.82,
cease,1.90,
cedar,4.55,
ceiling,3.60,
celeste,1.45,
cell,1.40,
cellar,3.45,
cello,5.20,
cement,3.80,
censor,2.45,
census,2.50,
cent,2.08,
center,3.18,
central,2.91,
certain,1.70,
chafe,3.90,
chaff,2.60,
chain,2.82,
chaise,1.50,
chalice,2.27,
chalk,4.60,
challenge,3.00,
chamber,2.27,
champ,2.90,
chance,1.83,
change,2.18,
channel,3.00,
chant,3.00,
chap,1.45,
chapel,3.82,
chaplain,3.09,
chapter,2.70,
char,2.10,
charade,1.73,
charcoal,3.64,
chard,2.36,
charge,2.64,
charm,2.30,
chart,2.00,
charter,1.91,
chartreuse,1.89,
chase,2.55,
chasm,2.50,
chassis,2.00,
chaste,2.08,
chat,2.40,
chateau,2.70,
chauffeur,3.18,
cheap,1.40,
cheat,2.58,
check,2.83,
cheddar,4.30,
cheek,2.30,
cheep,2.50,
cheer,4.09,
cheese,3.36,
cheetah,4.60,
chef,3.82,
cherish,2.70,
cherry,5.10,
cherub,1.91,
chest,3.42,
chew,3.82,
chic,1.82,
chick,3.60,
chicken,4.36,
chide,1.91,
chief,2.75,
child,3.00,
children,5.09,
chili,4.36,
chill,3.40,
chilli,4.09,
chime,4.00,
chimney,4.40,
chimp,2.80,
chin,3.30,
chip,4.00,
chirp,3.20,
chisel,3.09,
chive,2.00,
chlorine,5.45,
chock,1.50,
choice,1.00,
choir,4.45,
choke,4.45,
choose,1.73,
chop,3.70,
chord,2.00,
chore,2.18,
chorus,4.90,
chose,2.17,
chow,2.20,
christmas,5.40,
chrome,2.40,
chronic,3.90,
chuck,2.67,
chuckle,3.73,
chug,4.18,
chum,1.91,
chump,2.00,
chunk,2.83,
church,2.50,
churn,2.55,
chute,1.64,
cider,4.91,
cigar,5.00,
cinch,2.64,
cinder,3.09,
cipher,2.73,
circa,1.60,
circle,3.80,
circuit,2.36,
circus,4.09,
cite,1.27,
city,4.20,
civic,2.27,
civil,2.90,
clack,2.45,
clad,1.40,
claim,1.30,
clam,2.91,
clamp,3.20,
clan,1.90,
clang,4.50,
clank,2.50,
clap,4.92,
clash,4.00,
clasp,2.64,
class,1.91,
classic,3.64,
clatter,3.64,
clause,1.70,
claw,3.82,
clay,2.55,
clean,3.09,
cleanse,2.73,
clear,3.55,
clearance,3.10,
cleat,3.50,
cleavage,5.45,
cleave,2.27,
clef,1.20,
cleft,3.73,
clench,3.91,
clergy,2.27,
cleric,1.82,
clerk,1.80,
clever,2.60,
cliche,3.00,
click,4.09,
client,3.40,
cliff,5.00,
climate,4.45,
climax,3.90,
climb,2.20,
clinch,2.40,
cling,2.45,
clingy,3.27,
clinic,4.00,
clink,3.50,
clip,3.00,
clique,2.27,
cloak,2.40,
clock,3.42,
clod,2.27,
clog,2.90,
clone,2.75,
clop,1.70,
close,2.82,
closet,3.55,
closure,3.10,
clot,3.00,
cloth,2.50,
clothe,3.73,
clothes,3.67,
clout,1.80,
clove,2.09,
clover,3.27,
clown,3.50,
club,4.18,
cluck,3.00,
clue,1.90,
clump,2.30,
clumsy,3.60,
clung,2.10,
cluster,3.00,
clutter,3.64,
coach,2.33,
coal,3.73,
coarse,3.40,
coast,4.00,
coaster,4.00,
coat,2.90,
coax,2.64,
cob,1.36,
cobalt,3.30,
cobbler,2.91,
cobra,4.30,
cocaine,4.80,
cock,3.10,
cocktail,4.73,
cocky,2.91,
cocoa,4.70,
cocoon,3.60,
cod,2.67,
code,2.30,
coed,4.36,
coffee,5.18,
coffin,4.70,
coin,2.50,
coke,2.73,
cola,5.20,
cold,3.91,
collage,3.90,
collapse,3.80,
collar,4.00,
collect,2.00,
college,4.80,
collide,4.50,
cologne,5.50,
colon,3.00,
color,4.20,
colt,3.36,
column,2.60,
coma,3.45,
comb,3.08,
combat,4.09,
combine,2.80,
come,2.82,
comet,5.20,
comfort,3.55,
comic,2.73,
coming,2.40,
comma,3.80,
command,2.30,
commence,2.18,
commend,2.30,
comment,1.80,
commerce,2.00,
commit,3.00,
common,2.70,
commune,3.10,
commute,2.73,
compact,2.70,
compare,1.73,
compass,3.82,
compel,1.80,
compete,3.40,
compile,2.18,
complain,3.82,
complaint,2.36,
complete,1.80,
complex,2.20,
comply,1.91,
compose,2.00,
compost,3.73,
compound,2.20,
compress,3.80,
compute,2.45,
con,1.27,
conceal,2.50,
concede,2.09,
conceive,3.36,
concept,2.50,
concern,3.10,
concert,4.90,
conclude,1.70,
concrete,3.91,
concur,1.60,
condemn,3.20,
condo,3.73,
condom,5.27,
condone,2.22,
condor,3.20,
conduct,3.30,
cone,2.09,
confer,1.70,
confess,2.55,
confide,2.80,
confine,3.00,
confirm,1.80,
conflict,2.70,
conform,1.64,
confound,2.09,
confront,3.60,
confuse,2.73,
conga,3.60,
congress,2.45,
conjure,2.27,
conk,3.00,
connect,2.60,
conquer,4.00,
conquest,3.60,
conscience,3.50,
consent,2.18,
conserve,2.00,
console,3.40,
consort,1.91,
conspire,2.00,
constant,2.50,
construct,2.55,
consul,1.73,
consult,1.73,
consume,3.82,
contact,3.90,
contain,2.30,
contempt,3.00,
contend,2.36,
content,2.55,
contest,3.00,
context,1.80,
contract,2.36,
contraire,2.45,
contrast,4.00,
control,3.20,
convene,1.80,
convent,1.82,
converge,3.30,
converse,3.27,
convert,2.27,
convey,2.00,
convict,3.45,
convince,2.36,
convoy,2.20,
cook,3.10,
cookie,5.09,
cool,3.10,
coolant,2.70,
coon,2.20,
coop,2.45,
coot,1.45,
cop,3.64,
cope,2.18,
copper,3.36,
copy,2.45,
coral,4.09,
cord,1.90,
cordial,2.91,
cordon,2.00,
core,2.30,
cork,4.10,
corn,3.45,
corps,1.80,
corpse,4.10,
corpus,2.27,
corral,3.50,
correct,1.90,
corrupt,3.20,
corsage,3.60,
corset,4.50,
cortex,2.82,
cosmic,3.70,
cosmos,3.60,
cost,2.45,
costume,3.73,
cosy,5.00,
cottage,3.90,
cotton,3.91,
couch,3.73,
cougar,4.50,
cough,4.82,
could,1.17,
council,2.00,
counsel,1.91,
count,2.55,
countess,3.50,
country,3.27,
county,3.00,
coup,1.55,
couple,4.45,
coupon,2.73,
courage,3.10,
course,2.33,
court,2.36,
cousin,3.73,
cove,1.91,
coven,2.40,
cover,2.80,
covert,2.00,
covet,2.80,
cow,4.27,
coward,3.00,
coy,1.82,
cozy,5.90,
crab,2.50,
crack,4.18,
crackle,5.00,
cradle,3.90,
craft,1.90,
cram,3.36,
cramp,4.10,
crank,3.00,
craps,1.60,
crash,4.55,
crate,2.30,
crater,3.27,
crave,3.18,
crawl,2.70,
craze,3.08,
crazy,3.36,
cream,3.42,
crease,3.55,
create,3.36,
creature,4.20,
credit,2.55,
credo,2.18,
creed,1.45,
creek,3.09,
crepe,2.82,
crept,3.18,
crescent,3.09,
crest,1.18,
cretin,2.00,
crew,2.30,
crib,3.73,
crick,2.67,
cricket,4.30,
crime,2.27,
crimson,5.40,
cringe,3.80,
cripple,3.90,
crisis,3.09,
crisp,3.33,
critic,2.64,
critter,3.10,
croak,2.60,
crock,1.60,
crook,1.90,
crooked,2.09,
croon,3.27,
crop,2.40,
croquet,3.64,
crotch,3.45,
crouch,2.82,
crow,3.33,
crowd,4.18,
crown,2.70,
crucial,1.90,
crude,1.73,
cruise,3.91,
crumb,4.55,
crumble,3.73,
crunch,3.90,
crusade,3.36,
crush,3.90,
crust,2.80,
crutch,3.80,
cry,3.91,
crypt,2.30,
cryptic,2.82,
crystal,4.70,
cub,2.27,
cube,2.75,
cubic,2.90,
cuckoo,3.60,
cud,1.90,
cuddle,5.30,
cue,3.00,
cuff,2.82,
cuisine,3.82,
culprit,2.55,
cult,2.00,
culture,2.45,
cunning,2.73,
cup,2.10,
curb,3.20,
curd,2.58,
cure,2.50,
curfew,2.44,
current,2.55,
curry,5.30,
curse,3.09,
curt,1.20,
curtain,3.64,
curtsy,3.18,
curve,3.40,
cushion,4.00,
cusp,2.00,
custard,4.40,
custom,2.30,
cut,3.08,
cute,3.73,
cycle,2.64,
cynic,2.73,
cyst,2.80,
czar,1.82,
dab,2.70,
dabble,2.82,
dad,4.00,
daddy,4.80,
daft,2.00,
dagger,3.73,
dainty,3.00,
dairy,4.00,
daisy,3.56,
dale,1.55,
dam,2.58,
damage,3.91,
dame,2.17,
damn,1.73,
damp,2.50,
damsel,4.40,
dandruff,4.89,
dandy,2.10,
danger,3.40,
dangle,3.60,
dank,2.36,
dapper,3.20,
dare,1.73,
dark,3.73,
darling,4.18,
darn,1.45,
dart,3.55,
dash,2.00,
data,2.73,
date,3.73,
daughter,3.10,
daunt,1.70,
dawdle,2.10,
day,2.60,
days,2.09,
daze,3.00,
dazzle,4.60,
deacon,2.27,
dead,3.80,
deadline,2.70,
deaf,2.73,
deal,2.64,
dealer,3.20,
dealt,1.73,
dean,1.70,
dear,2.33,
dearth,1.55,
death,3.80,
debate,2.40,
debris,3.50,
debt,2.00,
debut,1.55,
decade,2.00,
decaf,2.36,
decay,3.91,
deceit,2.55,
deceive,2.73,
decent,1.82,
decide,2.10,
deck,3.36,
declare,2.27,
decline,3.00,
decor,3.80,
decoy,2.36,
decrease,1.73,
decree,2.73,
deduce,1.73,
deduct,1.91,
deed,2.42,
deem,1.60,
deep,3.10,
default,1.70,
defeat,3.45,
defect,2.18,
defence,2.80,
defend,2.45,
defense,2.91,
defer,1.91,
define,2.18,
deflect,2.90,
defuse,2.91,
defy,3.55,
degrade,2.91,
degree,2.45,
delay,2.09,
delete,3.20,
delight,3.60,
dell,1.60,
deluxe,2.50,
demand,2.91,
demise,2.36,
demon,3.80,
den,2.00,
denim,3.82,
denounce,2.64,
dense,3.90,
dental,4.27,
dentist,4.80,
depart,3.64,
depict,2.50,
deploy,2.80,
deport,2.00,
depot,1.64,
depress,4.09,
deprive,2.60,
depth,1.73,
derby,2.73,
derive,1.40,
descend,3.20,
descent,3.00,
describe,2.00,
desert,4.70,
deserve,1.73,
design,2.80,
desire,4.73,
desist,1.90,
desk,2.67,
despair,3.10,
despise,2.73,
despite,1.70,
dessert,5.00,
destroy,3.60,
destruct,4.73,
detach,2.60,
detail,1.90,
detain,2.10,
detect,2.00,
detest,2.55,
detour,2.90,
detox,2.30,
deuce,1.75,
device,2.45,
devil,4.55,
devise,1.80,
devoid,2.09,
devote,2.91,
devour,4.18,
devout,3.36,
dew,3.58,
diaper,4.18,
dice,1.82,
dictate,2.18,
did,1.30,
die,4.27,
diesel,3.50,
diet,4.73,
differ,1.64,
diffuse,2.36,
dig,3.00,
digest,3.90,
digit,3.30,
dike,3.00,
dildo,4.60,
dill,3.00,
dim,2.09,
dime,1.80,
din,1.64,
dine,2.10,
diner,4.64,
dinghy,3.55,
dinky,2.10,
dinner,5.27,
dip,3.64,
dire,1.82,
direct,2.00,
dirge,2.00,
dirt,2.10,
dirty,5.09,
discard,2.30,
disclose,1.80,
disco,5.40,
discord,1.60,
discount,1.70,
discreet,2.40,
discuss,2.36,
disdain,2.36,
disease,5.40,
disgrace,2.90,
disgust,4.27,
dish,3.55,
dismal,3.36,
dismiss,2.30,
dispatch,2.90,
dispense,2.20,
disperse,3.40,
display,2.40,
dispose,2.30,
dispute,2.80,
disrupt,3.00,
dissect,5.00,
dissent,2.20,
dissolve,3.73,
dissuade,2.09,
distant,3.10,
distinct,2.30,
distract,3.00,
distress,4.18,
district,2.82,
disturb,2.91,
ditch,2.42,
ditto,2.09,
ditty,2.55,
dive,2.60,
diverse,1.82,
divert,2.20,
divide,2.64,
divine,2.50,
divorce,2.82,
divulge,2.27,
dizzy,4.91,
do,1.50,
docile,2.64,
dock,2.60,
docket,1.73,
doctor,4.00,
doctrine,2.36,
dodge,2.70,
does,1.09,
dog,3.90,
doing,1.91,
dole,1.10,
doll,2.91,
dollar,4.18,
dolphin,2.91,
dolt,1.30,
domain,1.36,
dome,4.00,
don,1.40,
donate,3.00,
done,1.50,
donkey,3.80,
donor,1.82,
donut,4.27,
doodle,4.30,
doom,2.64,
doozy,2.18,
dope,1.70,
dorm,4.64,
dormant,2.55,
dorsal,2.40,
dosage,3.60,
dose,1.36,
dote,1.64,
double,2.20,
doubt,1.91,
douche,2.73,
dough,3.27,
doughnut,5.18,
dour,1.64,
douse,2.00,
dove,4.18,
down,2.45,
downtown,4.10,
dowry,2.18,
dowse,2.45,
doze,2.36,
dozen,2.27,
drab,2.27,
draft,3.25,
drag,3.17,
dragon,5.70,
drain,2.09,
drake,1.20,
drama,4.60,
drank,3.67,
drape,2.18,
drastic,2.55,
draught,1.70,
draw,2.73,
drawer,3.91,
drawing,3.00,
drawl,3.00,
dread,2.30,
dream,3.30,
dreamt,2.82,
dreary,3.91,
dredge,2.00,
drench,3.50,
dress,3.27,
dresser,2.45,
drew,2.10,
dribble,3.22,
drift,2.91,
drifter,2.64,
drill,3.09,
drink,5.09,
drip,3.58,
drive,4.18,
drivel,2.91,
droll,1.90,
drone,2.30,
droop,2.50,
drop,2.50,
drought,3.00,
drove,2.92,
drown,3.18,
drowse,2.82,
drowsy,4.70,
drug,2.82,
drum,4.73,
drunk,4.18,
druthers,1.60,
dry,3.80,
dryer,4.09,
dual,2.00,
dub,2.42,
duck,3.27,
duct,2.45,
dud,2.50,
dude,2.64,
due,2.00,
duel,3.00,
duffel,3.20,
dug,2.40,
duke,2.80,
dull,1.64,
duly,1.60,
dumb,1.64,
dummy,3.30,
dump,3.55,
dumpster,4.55,
dunce,1.50,
dune,3.00,
dung,3.09,
dunk,3.33,
dupe,1.36,
duress,2.00,
during,1.60,
dusk,2.73,
dust,2.45,
duty,2.30,
dwarf,1.73,
dwell,1.70,
dye,2.58,
each,1.10,
eager,3.09,
eagle,3.90,
ear,3.00,
earl,1.18,
early,2.80,
earn,1.82,
earnest,2.64,
earring,3.30,
earth,3.00,
ease,2.50,
easy,2.40,
eat,4.64,
ebb,1.91,
echo,3.70,
eclipse,5.40,
edge,3.36,
edit,1.45,
eerie,4.90,
effect,1.80,
effort,3.00,
eight,1.64,
either,1.60,
eject,3.60,
eke,2.20,
elbow,3.30,
elect,2.30,
elf,2.64,
elite,2.20,
elk,2.45,
else,1.50,
elves,2.42,
email,2.80,
embark,3.60,
emblem,2.10,
embrace,4.70,
emerge,3.45,
empire,3.27,
employ,3.20,
empty,2.91,
encore,3.00,
end,2.45,
endorse,2.27,
endure,3.60,
enforce,2.40,
engage,3.18,
engine,2.90,
enhance,2.73,
enjoy,3.60,
enlist,2.00,
enough,2.30,
enroll,2.50,
ensign,2.40,
ensure,2.70,
enter,2.73,
entice,3.30,
entire,1.45,
entrails,2.82,
entrance,2.40,
entree,5.00,
entry,3.10,
envoy,1.70,
envy,3.36,
enzyme,2.90,
epic,3.20,
equal,1.91,
era,3.00,
erase,3.18,
erect,4.00,
ergo,2.30,
ermine,1.33,
errand,2.30,
error,2.36,
escape,3.18,
escort,3.09,
escrow,1.44,
essay,2.45,
essence,3.50,
estate,2.36,
esteem,2.27,
etch,1.82,
ether,3.00,
ethic,2.27,
ethics,2.30,
ethnic,2.73,
evade,2.55,
eve,2.09,
even,1.36,
ever,2.10,
every,1.60,
evict,3.27,
evolve,3.40,
exam,5.60,
exceed,3.55,
excel,2.73,
except,2.00,
excess,3.00,
exchange,2.36,
excite,4.27,
exclude,2.36,
excuse,2.18,
exempt,1.90,
exert,3.30,
exhale,4.00,
exhaust,4.82,
exile,2.80,
exist,1.70,
exit,4.40,
expand,3.30,
expect,1.20,
expel,2.50,
expense,2.00,
expert,2.18,
expire,3.00,
explain,2.82,
explode,5.20,
exploit,2.91,
explore,3.36,
export,2.09,
expose,2.82,
express,2.30,
extend,2.91,
extent,2.00,
extinct,3.20,
extort,2.00,
extra,3.10,
extract,3.18,
extreme,2.82,
eye,4.00,
fabric,4.78,
facade,2.80,
face,3.09,
facial,3.60,
fact,2.00,
faction,1.80,
factor,1.91,
fad,1.55,
fade,1.82,
fag,2.73,
fail,3.27,
failure,4.18,
faint,3.30,
fair,2.30,
fairy,3.50,
faith,2.40,
fake,2.10,
falcon,3.55,
fall,3.25,
fallow,1.50,
false ,2.00,
fame,2.20,
famine,4.73,
famous,2.73,
fan,2.82,
fancy,3.45,
fanfare,4.20,
fang,3.82,
far,2.60,
farce,2.09,
farewell,3.60,
farm,4.25,
farmer,4.18,
farther,3.10,
fashion,3.30,
fast,2.60,
fat,4.00,
fatal,3.50,
fate,1.64,
father,3.82,
fathom,2.91,
fatigue,5.09,
faucet,3.09,
fault,1.60,
fauna,2.91,
favor,3.30,
fawn,1.80,
fear,3.55,
feast,3.60,
feather,3.91,
feature,1.91,
fecal,4.20,
feces,4.30,
fed,3.10,
fee,2.64,
feeble,2.82,
feed,2.20,
feel,3.36,
feeling,4.20,
feet,3.55,
feign,1.73,
feline,3.40,
fell,2.91,
fellow,2.73,
felon,2.40,
felt,2.55,
female,4.90,
femme,2.82,
femur,4.00,
fence,2.18,
fend,1.70,
fender,3.36,
fennel,3.91,
fern,2.09,
ferret,3.73,
ferry,2.91,
fertile,3.18,
fester,4.09,
festive,4.10,
fetal,3.00,
fetch,2.30,
fetish,2.80,
fetus,4.00,
feud,2.00,
fever,4.90,
few,1.55,
fib,2.36,
fiber,3.00,
fibre,1.82,
fickle,2.00,
fiction,2.80,
fiddle,4.30,
fiend,2.00,
fierce,2.73,
fife,2.30,
fifth,2.36,
fig,4.00,
fight,3.30,
figment,2.45,
figure,2.55,
file,2.36,
fill,1.64,
film,3.36,
filth,3.55,
fin,2.27,
final,2.80,
finance,2.30,
finch,2.00,
find,1.50,
fine,2.00,
finesse,3.09,
finger,4.80,
finish,4.82,
finite,1.64,
fir,2.18,
firm,2.45,
first,1.92,
fiscal,2.10,
fish,2.91,
fist,3.30,
fit,3.27,
fitness,4.70,
five,1.50,
fix,2.00,
fixture,2.30,
fizz,3.00,
flagrant,3.55,
flail,2.73,
flair,2.91,
flak,1.50,
flake,3.27,
flank,3.00,
flannel,5.20,
flap,3.10,
flare,2.55,
flash,4.18,
flask,2.20,
flat,2.64,
flaunt,2.73,
flavor,4.09,
flaw,1.73,
flax,2.30,
flea,3.73,
fleck,2.00,
fled,2.09,
flee,2.80,
fleece,4.27,
fleet,2.20,
flesh,3.10,
flew,2.73,
flex,3.82,
flick,2.27,
flier,3.09,
flight,3.91,
flimsy,3.73,
flinch,3.80,
fling,3.58,
flint,2.91,
flip,3.70,
flirt,3.92,
float,3.82,
flock,2.90,
flog,2.00,
flood,3.40,
floozy,2.00,
flop,3.36,
floss,3.55,
flounce,2.73,
flour,3.20,
flourish,3.82,
flow,3.80,
flower,5.30,
flown,2.60,
flu,3.40,
flub,2.18,
fluent,3.90,
fluff,3.92,
fluid,5.10,
fluke,2.27,
flume,2.09,
flung,2.00,
flunk,2.73,
flush,3.50,
flute,3.64,
flutter,4.40,
flux,2.30,
fly,3.40,
flyer,3.60,
foal,1.50,
foam,3.82,
focus,4.45,
fog,3.70,
fold,2.80,
folder,2.90,
folk,3.33,
follow,2.27,
folly,1.50,
fond,2.09,
fondue,4.70,
font,1.73,
food,4.18,
fool,2.64,
foot,2.90,
footage,3.09,
football,5.27,
for,1.00,
forbid,2.60,
force,3.50,
ford,1.30,
fore,1.60,
forego,1.70,
forehead,3.40,
foreign,2.55,
forest,4.70,
forfeit,2.90,
forge,1.91,
forget,2.09,
forgive,2.55,
forgot,2.36,
fork,3.00,
form,2.45,
formal,3.30,
format,2.10,
former,1.70,
forsake,2.20,
fort,2.92,
forte,3.10,
forth,2.33,
fortress,3.30,
fortune,3.73,
forum,2.40,
forward,2.00,
fossil,3.45,
fought,2.25,
foul,3.50,
found,1.18,
fountain,5.60,
four,2.36,
foyer,3.10,
fraction,2.00,
fracture,5.10,
fragile,3.90,
fragment,3.09,
frail,2.00,
frame,2.33,
franc,1.09,
frank,1.83,
frantic,3.73,
fraud,1.73,
fraught,1.73,
fray,1.70,
frays,3.17,
freak,2.70,
freckle,3.00,
free,3.20,
freebie,2.09,
freedom,3.40,
freeze,4.55,
frenzy,4.09,
fret,3.18,
friction,4.40,
friend,3.10,
friendship,3.91,
fright,3.45,
frigid,4.18,
frill,1.73,
fringe,2.60,
frisk,2.70,
frisky,3.36,
fritz,2.33,
frizz,2.90,
frock,2.09,
frog,3.64,
frolic,3.36,
from,1.20,
front,2.00,
frontier,3.20,
frost,4.45,
froth,2.36,
frown,3.10,
froze,3.40,
frozen,5.10,
fruit,3.60,
fry,2.45,
fudge,4.70,
fugue,1.82,
fulfill,3.10,
full,3.17,
fumble,3.60,
fume,2.55,
fun,3.70,
function,1.50,
fund,2.55,
fungus,4.60,
funk,4.00,
funnel,2.73,
funny,4.60,
furlough,1.18,
furnace,3.73,
furnish,2.70,
further,1.60,
fury,3.70,
fuse,3.36,
fusion,4.10,
futile,2.91,
futon,3.36,
future,3.50,
fuzz,3.30,
gab,2.64,
gable,1.36,
gadget,2.50,
gag,3.73,
gain,1.36,
gait,2.73,
gala,4.70,
gale,1.70,
gall,1.73,
gallant,2.90,
galley,2.18,
gallon,4.20,
gallop,4.90,
gallows,3.18,
galore,2.50,
gamble,3.27,
game,2.83,
gander,2.60,
gang,2.20,
gangrene,3.09,
gangster,4.40,
gap,2.40,
gape,2.82,
garage,4.80,
garb,2.33,
garbage,3.82,
garden,3.45,
gargle,3.10,
garland,3.20,
garlic,6.56,
garment,3.30,
garnish,4.30,
garter,2.60,
gas,4.00,
gash,4.18,
gasket,1.90,
gasp,4.09,
gate,3.82,
gather,2.27,
gator,4.27,
gauche,2.10,
gauge,2.45,
gaunt,2.18,
gauntlet,3.18,
gauze,3.90,
gave,2.20,
gavel,3.00,
gawk,3.50,
gay,3.30,
gays,2.00,
gaze,3.10,
gazelle,4.18,
gazette,2.00,
gear,3.09,
geese,4.09,
geezer,3.00,
gem,2.90,
gender,3.18,
gene,1.91,
genie,3.55,
genius,3.27,
genome,1.82,
genre,2.36,
gent,2.09,
genteel,1.64,
gentile,1.67,
gentle,2.82,
gentry,1.36,
gerbil,3.18,
germ,2.90,
gesture,2.36,
get,1.20,
getting,2.40,
ghetto,4.50,
ghost,2.92,
ghoul,2.75,
giddy,3.40,
gift,3.09,
gig,2.09,
giggle,3.82,
gill,2.45,
gilt,1.73,
gimmick,2.20,
gin,2.20,
ginger,5.40,
giraffe,5.40,
girdle,2.55,
girl,2.80,
girth,1.80,
gist,1.36,
give,2.50,
gizmo,2.90,
glacier,4.50,
glad,2.18,
glade,2.50,
glamour,4.00,
glance,2.64,
gland,2.18,
glare,4.55,
glass,2.73,
glaze,3.73,
gleam,2.91,
glee,3.64,
glen,1.73,
glib,1.80,
glide,3.67,
glimmer,4.20,
glimpse,2.64,
glint,3.20,
glitter,4.18,
gloat,2.58,
glob,3.64,
globe,2.50,
gloom,3.18,
glory,3.55,
gloss,3.17,
glove,4.10,
glow,3.55,
glucose,3.30,
glue,3.40,
glum,1.91,
glut,2.30,
glutton,4.00,
gnarly,4.10,
gnash,3.80,
gnat,3.00,
gnaw,2.80,
gnome,1.91,
go,2.00,
goal,3.30,
goalie,3.36,
goat,3.30,
goatee,4.09,
gob,1.91,
gobble,3.55,
goblin,3.09,
god,2.80,
goddess,4.00,
goggle,3.90,
going,1.60,
gold,2.92,
golf,3.00,
golly,2.20,
gone,1.80,
gong,3.36,
gonna,1.80,
goo,2.91,
good,2.17,
goof,2.60,
goose,3.09,
gopher,3.60,
gore,2.91,
gorge,3.64,
gorgeous,5.00,
gosh,2.17,
gospel,3.00,
gossip,3.55,
got,1.18,
gouge,2.73,
goulash,4.09,
gourd,2.09,
gourmet,4.55,
govern,2.50,
gown,2.45,
grab,3.08,
grace,2.45,
grade,1.80,
graft,1.60,
grail,2.27,
grain,2.30,
grammar,2.50,
grand,2.30,
grandeur,2.30,
granite,3.50,
grant,1.70,
grape,4.55,
graph,2.40,
graphic,3.64,
grasp,2.80,
grass,4.08,
grate,3.55,
grateful,2.55,
grave,4.45,
gravel,4.60,
gravy,5.80,
gray,2.64,
graze,1.91,
great,1.40,
greed,2.27,
greet,3.00,
grew,1.82,
grid,2.10,
grief,3.10,
grievance,2.82,
grieve,3.73,
grievous,2.18,
grill,2.73,
grim,2.45,
grime,2.36,
grin,4.20,
grind,3.64,
grip,3.27,
gripe,1.60,
grisly,3.20,
grit,3.09,
grits,2.50,
grizzly,4.27,
groan,4.10,
groggy,4.80,
groin,2.90,
groom,3.82,
groove,3.09,
groovy,3.91,
grope,2.80,
gross,3.36,
grotesque,5.10,
grotto,3.64,
grouch,2.20,
ground,2.40,
grouse,1.36,
grove,2.50,
grovel,2.27,
grow,2.60,
growl,4.17,
grub,3.50,
grudge,1.30,
gruff,2.36,
grunt,3.50,
guard,2.64,
guess,2.33,
guest,1.90,
guidance,2.45,
guide,1.09,
guild,1.75,
guile,1.70,
guilt,3.36,
guise,1.80,
guitar,4.73,
gulf,3.40,
gull,2.42,
gully,2.20,
gulp,4.40,
gum,3.92,
gumbo,5.00,
gun,3.36,
gurney,2.36,
guru,3.20,
gush,4.50,
gusto,2.40,
gut,3.50,
gutter,3.73,
guy,3.36,
gym,3.55,
gymnast,4.64,
gyp,1.40,
gypsy,3.45,
habit,2.30,
hack,3.91,
had,1.50,
hag,2.40,
haggard,2.91,
haggle,2.91,
hail,2.00,
hair,3.50,
hairdo,3.64,
hale,2.20,
half,2.00,
hall,3.55,
hallway,3.55,
halo,3.09,
halve,1.80,
ham,3.10,
hammer,3.36,
hammock,4.70,
hamper,2.80,
hamster,5.60,
handle,2.20,
handy,2.30,
hang,2.45,
hangar,2.30,
hanger,3.30,
hank,1.60,
hanky,2.82,
happen,1.70,
happy,4.09,
harass,3.30,
harbor,4.50,
hardy,2.82,
harem,3.00,
hark,1.55,
harlot,2.44,
harm,1.50,
harness,2.70,
harpoon,2.82,
harsh,2.08,
hart,1.40,
harvest,3.10,
has,1.25,
hash,2.18,
hassle,2.70,
haste,2.00,
hat,2.91,
hatch,2.45,
hatchet,2.91,
hate,2.00,
hath,1.36,
haul,2.00,
haunt,2.80,
have,1.64,
haven,2.70,
havoc,3.36,
hawk,3.00,
hazard,4.50,
haze,3.09,
hazel,4.50,
he,1.40,
head,3.82,
heal,2.45,
health,1.80,
heap,2.91,
hear,4.20,
heard,2.18,
hearse,2.70,
heart,3.91,
hearth,1.73,
heat,3.36,
heath,2.09,
heathen,2.60,
heave,3.27,
heaven,4.00,
heavy,4.91,
hectic,4.27,
hedge,2.64,
heed,1.92,
heel,2.80,
heft,1.60,
heifer,2.50,
height,1.82,
heinous,3.18,
heir,1.91,
heiress,2.64,
heirloom,2.55,
heist,2.36,
held,2.10,
hell,2.55,
hello,3.36,
helm,1.50,
helmet,4.00,
help,1.64,
hem,1.60,
hemlock,2.64,
hemp,1.73,
hen,2.00,
hence,1.00,
herald,1.90,
herb,3.18,
herd,2.50,
here,2.00,
heresy,2.60,
hermit,3.00,
herpes,4.00,
herring,2.18,
hertz,1.00,
hex,2.83,
hiccup,4.73,
hick,1.73,
hickey,4.60,
hid,1.73,
hide,2.30,
hijack,5.18,
hike,2.90,
hill,2.50,
hilt,2.09,
him,2.55,
hind,1.80,
hinge,2.20,
hint,1.91,
hip,4.18,
hippie,4.64,
hippo,5.10,
hippy,4.60,
hire,1.45,
his,1.80,
hiss,3.33,
hit,2.40,
hitch,1.64,
hither,1.50,
hive,2.80,
hives,4.45,
hoard,2.00,
hoarse,2.27,
hoax,2.00,
hobby,3.50,
hobo,3.00,
hock,2.00,
hockey,4.60,
hoe,3.91,
hoes,2.27,
hog,3.33,
hoist,2.10,
hokey,1.90,
hold,2.08,
hole,1.91,
holler,3.45,
holster,2.45,
holy,4.00,
homage,2.30,
home,4.00,
homely,3.60,
hone,2.10,
honest,3.36,
honey,5.00,
honk,3.45,
honor,3.10,
hood,2.92,
hoodlum,3.73,
hoof,2.18,
hook,3.25,
hooky,4.10,
hoop,3.17,
hoopla,1.73,
hooray,2.90,
hoot,3.27,
hooves,3.50,
hop,3.27,
hope,1.70,
horde,3.09,
hormone,2.82,
horn,4.42,
hornet,4.90,
horrid,3.70,
horror,4.18,
host,1.64,
hostage,3.90,
hostel,3.91,
hostess,2.40,
hostile,3.40,
hot,3.82,
hotel,4.10,
hound,2.60,
hour,1.91,
hove,1.27,
hover,2.82,
howl,3.83,
hub,1.73,
huddle,4.09,
hue,3.18,
huff,2.90,
hug,4.27,
huge,2.75,
hula,3.73,
hulk,2.90,
hull,2.36,
hum,4.60,
human,4.09,
humane,2.82,
humble,3.00,
humbug,2.00,
humid,6.00,
humor,4.22,
hump,2.73,
hunch,3.00,
hundred,2.36,
hung,2.42,
hunger,5.55,
hungry,5.09,
hunk,2.73,
hunt,3.20,
hurdle,3.70,
hurl,3.17,
hurrah,2.50,
hurray,2.67,
hurry,4.27,
hurt,3.00,
husband,3.70,
hush,2.58,
husk,2.40,
hussy,2.18,
hustle,3.64,
hut,1.27,
hutch,1.20,
hybrid,2.45,
hydrant,5.00,
hygiene,3.18,
hymn,2.55,
hype,1.40,
hyper,4.90,
icing,3.82,
icon,3.36,
ideal,2.27,
ides,1.45,
idle,2.45,
idol,3.40,
if,1.09,
ignite,5.00,
ignore,2.64,
ill,3.18,
image,3.50,
immense,3.50,
immune,2.30,
imp,1.91,
impact,3.55,
impart,1.60,
impede,2.00,
implant,2.45,
implore,2.80,
imply,1.55,
import,2.27,
impose,2.60,
impound,2.27,
impress,2.55,
imprint,2.09,
improve,3.00,
impulse,3.55,
in,2.00,
inbred,3.09,
incense,5.90,
incest,3.10,
inch,1.91,
include,2.00,
income,2.73,
increase,2.45,
incur,2.20,
indeed,1.55,
index,3.10,
indict,2.09,
induce,2.60,
indulge,3.80,
inept,2.09,
infant,5.20,
infect,4.60,
infer,1.64,
inflict,4.27,
inform,2.50,
ingrate,1.64,
inhale,4.50,
inject,3.80,
injure,4.30,
ink,2.90,
inmate,3.10,
innate,2.70,
input,2.27,
inquest,1.64,
inquire,1.90,
insane,3.91,
insect,4.11,
insert,2.50,
insight,1.70,
insist,2.55,
inspect,2.18,
install,2.50,
instance,1.70,
instant,1.64,
instead,1.82,
instinct,2.27,
instruct,2.90,
insult,3.73,
insure,1.64,
intact,2.36,
intend,1.90,
intense,3.27,
intent,2.40,
intern,2.91,
into,1.90,
intrigue,2.82,
invade,3.00,
invent,2.20,
invest,2.27,
invite,2.64,
invoice,1.90,
invoke,1.91,
involve,1.50,
inward,1.90,
irate,3.00,
ire,1.64,
iris,5.70,
irk,2.18,
iron,3.55,
is,1.00,
island,4.55,
isle,2.10,
issue,2.00,
it,1.42,
itch,4.30,
item,2.09,
itself,1.70,
jab,3.36,
jack,1.55,
jackal,2.55,
jacket,3.90,
jade,2.45,
jag,1.82,
jaguar,4.70,
jail,3.00,
jam,4.00,
jar,3.73,
jargon,1.90,
jasmine,4.60,
jasper,2.27,
jaunt,2.73,
java,3.80,
jaw,3.00,
jay,1.82,
jazz,3.50,
jealous,3.80,
jeans,4.27,
jeer,2.70,
jell,3.45,
jelly,4.50,
jerk,1.70,
jersey,4.70,
jest,2.20,
jester,2.90,
jet,4.33,
jewel,4.09,
jibe,1.50,
jiffy,2.64,
jig,3.10,
jiggle,4.36,
jingle,4.30,
jinx,1.80,
job,2.36,
jockey,3.64,
join,1.73,
joint,2.30,
jolly,4.00,
jolt,3.73,
josh,1.82,
jot,3.09,
journal,2.09,
journey,4.27,
jowl,1.70,
joy,3.17,
judge,2.40,
judgment,2.36,
judo,4.00,
juggle,3.64,
juice,3.30,
jumbo,3.64,
juncture,2.20,
jungle,5.60,
junior,2.50,
junk,2.09,
junket,1.20,
jury,2.27,
just,1.55,
justice,2.70,
kaput,2.18,
karma,3.18,
kazoo,3.82,
kebab,4.20,
keel,2.27,
keen,2.58,
keg,2.50,
keister,1.50,
kelp,3.33,
kennel,2.64,
keno,1.09,
kept,1.20,
kernel,3.20,
ketchup,4.30,
kettle,3.45,
key,4.00,
khaki,5.70,
kibble,2.33,
kidney,2.45,
kill,2.82,
kiln,2.10,
kilt,2.00,
kin,1.64,
kind,2.18,
king,3.25,
kingdom,3.80,
kink,3.18,
kiss,4.50,
kit,1.27,
kitchen,3.55,
kite,2.17,
kitten,4.91,
kitty,3.91,
kiwi,4.00,
knack,2.42,
knave,1.45,
knead,3.55,
knee,4.27,
kneel,2.82,
knell,1.64,
knelt,3.60,
knew,1.36,
knight,3.64,
knit,2.80,
knob,2.50,
knock,3.64,
knoll,2.40,
knot,3.36,
know,1.70,
knowledge,2.82,
knuckle,4.40,
kosher,3.50,
kraut,1.73,
lab,2.50,
label,2.27,
labor,3.89,
lace,2.90,
lack,1.30,
lackey,1.55,
lacrosse,4.00,
lactose,2.45,
lad,2.25,
ladder,3.70,
laden,2.60,
ladle,3.40,
lady,4.70,
lag,2.18,
lagoon,3.90,
laid,2.64,
lain,1.27,
lair,1.80,
lake,4.64,
lamb,3.09,
lame,1.40,
lament,2.64,
lamp,2.73,
lance,1.73,
land,3.82,
lane,2.55,
language,2.90,
lap,2.73,
lapse,1.73,
lard,3.58,
large,1.80,
lark,2.55,
larvae,2.80,
larynx,4.00,
laser,4.70,
lash,3.09,
lass,2.10,
lasso,2.30,
last,1.90,
latch,2.36,
late,2.50,
latent,2.00,
later,1.90,
latex,3.80,
lathe,2.00,
lather,4.36,
latrine,3.91,
latter,1.91,
laud,1.30,
laugh,4.36,
launch,3.00,
launder,2.64,
laundry,4.50,
lava,4.50,
lavish,3.82,
law,1.73,
lawn,3.18,
lawyer,3.90,
lax,1.92,
lay,2.36,
layer,3.20,
laze,1.60,
lazy,4.18,
leach,2.75,
league,2.00,
leak,2.79,
lean,3.60,
leap,3.10,
leapt,2.90,
leary,2.50,
lease,1.20,
leash,2.92,
least,1.10,
leather,5.40,
leave,1.33,
lecture,2.60,
led,2.25,
ledge,2.20,
ledger,1.73,
leech,3.60,
leer,2.40,
leeway,2.70,
left,1.70,
leg,2.80,
legal,2.27,
legend,2.73,
legion,2.09,
leisure,3.40,
lemon,4.50,
length,1.70,
lens,1.90,
lent,1.70,
leopard,4.60,
leper,3.09,
lesion,3.40,
less,1.45,
lesson,2.40,
lest,1.20,
let,1.40,
lethal,4.90,
letter,3.60,
lettuce,3.82,
level,1.91,
lever,2.27,
lewd,2.73,
liar,3.60,
libel,1.89,
lice,3.09,
licence,3.00,
license,3.64,
lick,4.80,
lid,1.90,
lieu,1.45,
life,2.82,
lift,3.00,
like,1.45,
lilac,4.50,
lilly,3.55,
lilt,1.50,
lily,3.27,
limb,2.27,
limber,3.89,
limbo,4.20,
lime,4.30,
limit,2.30,
line,2.50,
linen,3.80,
linger,2.45,
lingo,2.00,
linguist,2.27,
lining,2.27,
link,1.55,
lint,3.20,
lion,5.00,
liqueur,3.91,
liquid,4.00,
liquor,5.10,
lisp,3.58,
list,2.27,
listen,4.30,
lit,3.08,
liter,3.20,
lithe,1.82,
litter,4.80,
little,2.90,
live,2.45,
liver,2.90,
lizard,4.36,
llama,3.91,
load,2.36,
loaf,3.18,
loan,1.75,
loath,3.00,
loathe,2.55,
lob,2.30,
lobby,3.00,
lobe,3.09,
lobster,5.00,
local,2.40,
locate,1.70,
lock,2.55,
locker,3.80,
locket,3.70,
locust,4.27,
lode,1.10,
lodge,2.18,
loft,2.00,
log,2.75,
logic,2.91,
logo,3.00,
loin,2.55,
lone,2.18,
lonesome,3.82,
long,2.27,
look,3.00,
lookout,2.70,
loom,2.45,
loon,1.45,
loop,1.50,
loopy,3.30,
loose,2.30,
loot,3.36,
lord,3.36,
lore,2.25,
lose,2.45,
loss,2.64,
lost,3.18,
lot,1.36,
lotion,4.45,
lotto,3.00,
loud,4.18,
lounge,2.50,
louse,2.09,
love,4.82,
loyal,2.60,
lucid,3.27,
luck,1.50,
lucky,2.73,
lug,3.09,
luggage,3.60,
lull,2.36,
lumbar,2.55,
lumber,3.73,
lump,2.64,
lunar,3.09,
lunch,3.82,
lung,3.91,
lunge,3.64,
lupus,3.90,
lurch,2.09,
lurid,1.91,
lurk,3.09,
luscious,3.64,
lush,2.55,
lust,2.82,
lute,1.75,
lye,1.91,
lymph,1.45,
lynch,3.70,
lynx,2.27,
lyre,2.80,
lyric,3.90,
lyrics,5.10,
ma,1.90,
mace,2.82,
machine,3.50,
macho,3.70,
mad,2.55,
madam,2.91,
madame,2.20,
made,1.45,
maggot,4.00,
magic,4.00,
magnet,4.80,
maid,2.36,
maiden,3.09,
mail,3.27,
maim,2.09,
maintain,2.20,
maize,2.00,
major,2.80,
make,1.09,
makeup,3.50,
male,3.00,
malice,2.80,
mall,2.27,
malt,2.18,
mambo,2.78,
mammal,4.18,
mammoth,3.73,
man,4.09,
manage,2.55,
mandate,2.00,
mandrake,2.55,
mane,3.50,
manger,2.30,
mango,5.00,
manner,3.20,
manor,2.40,
mansion,4.40,
mantel,2.50,
mantle,2.91,
mantra,2.82,
manure,4.55,
many,2.64,
map,2.55,
maple,4.10,
marble,3.00,
march,2.40,
margin,2.70,
mark,2.83,
market,4.40,
maroon,5.00,
marquee,2.40,
marquis,2.00,
marriage,4.30,
marrow,2.82,
marry,4.09,
marsh,3.00,
mart,1.45,
martial,2.90,
martyr,2.36,
marvel,3.27,
mascot,4.70,
mash,2.80,
mask,2.40,
mason,1.90,
mass,1.45,
massage,4.82,
masseuse,4.55,
massive,4.09,
mast,2.18,
master,3.73,
mat,1.91,
match,3.45,
mate,2.64,
math,2.73,
matrix,2.91,
matron,1.90,
matter,2.00,
mattress,4.30,
mature,2.60,
matzo,2.56,
maul,4.33,
mauve,1.82,
maxim,2.10,
may,2.10,
maybe,2.45,
mayhem,4.27,
mayor,2.55,
maze,3.45,
me,2.33,
mead,1.50,
meadow,5.00,
meager,2.40,
meal,3.91,
mean,2.45,
meant,1.10,
measure,2.82,
meat,4.20,
medal,3.55,
meddle,2.80,
medic,3.20,
medley,3.00,
meek,1.80,
meet,1.80,
meeting,3.30,
mega,2.50,
melon,4.27,
melt,3.82,
member,3.00,
membrane,3.60,
memo,2.00,
men,2.60,
menace,4.00,
mend,1.60,
mental,4.00,
mention,1.90,
mentor,3.18,
menu,4.00,
meow,5.09,
merchant,3.00,
mercy,3.00,
mere,1.08,
merge,2.60,
meringue,3.00,
merit,2.00,
merry,4.82,
mesh,2.83,
mess,3.40,
message,3.60,
met,1.27,
metal,3.80,
meter,3.00,
methane,3.30,
method,1.91,
metro,3.82,
mew,2.70,
mice,2.90,
micro,2.09,
mid,1.27,
middle,3.20,
midget,4.70,
midnight,4.55,
midst,1.00,
miff,1.90,
might,1.70,
mignon,3.36,
mike,1.55,
milch,1.36,
mild,1.91,
mile,2.82,
mileage,2.73,
milk,5.00,
mill,2.00,
mime,2.64,
mimic,2.64,
mince,2.80,
mind,2.58,
mine,2.08,
mingle,3.00,
mini,3.00,
minion,2.40,
mink,3.00,
minor,2.60,
minstrel,2.18,
mint,3.83,
minus,2.00,
minute,3.00,
mirage,3.60,
mirror,3.73,
mirth,2.00,
mischief,3.30,
misfit,3.82,
mishap,2.50,
miss,2.55,
missile,4.45,
mission,3.45,
mist,3.80,
mistake,3.09,
mister,3.10,
mistress,2.73,
mite,1.90,
mitt,2.83,
mix,2.82,
mixture,3.00,
moan,4.50,
moat,1.73,
mob,3.27,
mobile,2.91,
mock,2.50,
mode,1.20,
model,3.18,
modem,2.70,
modest,2.09,
module,2.10,
mogul,1.80,
moist,3.82,
moisture,4.80,
mold,3.91,
mole,2.45,
molest,3.73,
moll,1.10,
molten,4.60,
moment,3.27,
mommy,5.18,
monarch,3.45,
money,4.80,
mongoose,3.10,
mongrel,3.27,
monk,2.10,
monkey,4.09,
monsoon,3.90,
monster,4.91,
montage,4.00,
month,1.50,
mooch,1.90,
mood,3.09,
moon,3.82,
moor,1.73,
moose,3.70,
moot,1.55,
mop,2.58,
mope,3.17,
moral,2.40,
morale,2.27,
morbid,3.55,
morgue,3.10,
morn,2.10,
morning,5.40,
moron,3.36,
morphine,3.09,
morsel,4.50,
mortal,2.27,
mortar,3.90,
mortgage,2.40,
mosey,2.18,
mosque,3.64,
moss,2.30,
most,1.27,
motel,4.20,
moth,3.64,
mother,5.20,
motif,1.90,
motion,4.30,
motive,2.30,
motley,2.22,
motor,4.60,
motto,2.00,
mound,3.27,
mount,3.00,
mountain,4.70,
mousse,3.55,
moustache,4.82,
move,2.30,
movement,3.09,
movie,5.20,
mow,2.50,
much,1.64,
muck,2.70,
mucus,5.20,
mud,3.40,
muff,2.00,
muffin,4.18,
mug,3.30,
mulch,4.18,
mule,1.91,
mull,1.58,
mullet,4.55,
mum,2.10,
mumble,3.55,
mumbo,1.89,
mummy,4.18,
mumps,1.90,
munch,3.10,
munchkin,4.00,
mundane,2.18,
mural,2.80,
murder,4.50,
murk,1.64,
murmur,3.27,
muscle,5.36,
muse,2.73,
mush,3.45,
music,6.00,
musk,3.45,
musket,3.50,
muss,2.09,
must,2.25,
mustache,5.00,
mustard,3.64,
muster,2.09,
mutant,4.18,
mute,3.17,
mutt,1.73,
mutton,3.80,
muzzle,3.73,
my,1.73,
myself,5.20,
mystic,2.82,
myth,1.90,
nab,2.09,
nag,2.25,
nail,3.60,
naive,2.20,
naked,5.00,
name,2.33,
nanny,4.30,
nap,3.90,
napalm,2.30,
nape,1.91,
napkin,3.20,
narrow,2.80,
nasal,4.09,
nasty,3.36,
nation,3.90,
native,1.82,
nature,5.00,
naught,1.50,
naughty,4.40,
nauseous,4.91,
naval,4.60,
navel,3.27,
navy,4.10,
nay,2.64,
near,2.10,
neat,2.55,
neck,3.20,
necklace,4.10,
nectar,5.70,
need,1.80,
needle,4.91,
neglect,2.91,
neigh,3.10,
neighbor,3.30,
neither,1.45,
neon,4.18,
nephew,2.73,
nerve,2.82,
nervous,4.09,
net,3.82,
network,2.09,
neural,3.00,
neuter,3.45,
neutral,1.73,
never,2.18,
new,1.91,
next,1.27,
nexus,1.90,
nibble,5.00,
nice,2.82,
niche,2.33,
nick,2.00,
nickel,3.60,
niece,2.00,
nigh,1.50,
night,4.18,
nightmare,5.00,
nil,1.09,
nimble,3.60,
nine,2.18,
ninja,5.00,
ninth,1.40,
nip,3.08,
nipple,5.50,
nitrate,3.10,
nitro,3.60,
nitrous,3.00,
nix,1.36,
no,1.70,
noble,3.45,
nod,2.50,
node,1.82,
noggin,3.09,
noise,3.73,
nomad,3.40,
none,1.73,
noodle,4.36,
nook,2.50,
noon,2.73,
noose,2.55,
nor,1.00,
norm,2.42,
normal,2.00,
north,2.75,
nose,3.82,
nostril,5.00,
not,1.10,
notch,2.17,
note,2.30,
nothing,2.73,
notice,2.70,
notion,1.64,
noun,1.55,
novel,3.80,
novice,2.09,
now,1.40,
nowhere,2.50,
nub,2.45,
nude,3.30,
nudge,3.20,
nugget,4.10,
nuisance,2.50,
null,1.90,
numb,3.58,
number,2.45,
nun,2.64,
nurse,4.27,
nurture,2.73,
nut,4.00,
nutmeg,4.90,
nylon,2.64,
nylons,2.45,
nymph,2.70,
oaf,1.90,
oak,2.10,
oar,2.30,
oat,3.00,
oath,1.83,
obey,2.64,
object,2.20,
oblige,1.64,
obscene,3.40,
obscure,2.10,
observe,3.70,
obsess,2.82,
obstruct,3.00,
obtain,2.55,
occult,2.09,
occur,1.91,
ocean,6.00,
odd,2.45,
ode,1.91,
odor,4.00,
of,1.09,
offend,2.73,
offense,3.30,
offer,2.50,
office,3.27,
oft,1.55,
ogre,4.40,
ointment,4.45,
okay,2.40,
old,2.60,
olive,4.50,
omelet,4.90,
omelette,4.64,
omen,3.00,
on,1.18,
once,1.20,
one,1.55,
onion,4.36,
only,1.45,
onset,1.70,
ooze,3.64,
opal,2.73,
open,2.45,
oppose,2.36,
opt,1.27,
optic,3.45,
option,2.60,
opus,2.09,
or,1.00,
oral,5.64,
orb,3.17,
orbit,2.45,
orchard,4.20,
orchid,4.00,
ordeal,2.00,
order,2.00,
ore,1.73,
organ,3.00,
orgy,4.27,
orphan,4.10,
ostrich,4.73,
other,2.18,
ouch,4.00,
ought,1.45,
ounce,2.18,
our,1.64,
oust,2.18,
out,2.30,
outfit,5.00,
outlet,2.70,
outrage,4.00,
oval,3.18,
oven,4.36,
over,1.50,
owe,1.17,
owl,3.45,
own,2.27,
ox,2.67,
oyster,3.64,
ozone,4.00,
pa,1.55,
pace,2.55,
pack,3.20,
package,4.20,
packet,3.10,
pact,1.45,
pad,2.83,
paddle,3.55,
paddy,2.80,
pagan,2.90,
page,2.42,
pageant,2.60,
pail,2.20,
pain,4.18,
paint,4.82,
pair,1.82,
paisley,2.64,
pal,2.55,
palace,4.10,
palate,2.45,
palette,2.91,
pall,1.64,
palm,2.60,
palsy,3.00,
paltry,2.10,
pamper,3.09,
pamphlet,2.73,
pan,2.80,
panda,3.50,
pane,2.10,
panel,2.18,
pang,4.10,
panic,4.50,
pansy,4.27,
pant,2.83,
panther,4.50,
pantry,3.55,
pants,3.00,
pap,1.00,
paper,3.82,
par,2.17,
para,1.60,
parade,4.20,
parcel,2.55,
parchment,3.18,
pardon,4.00,
pare,1.64,
parent,4.55,
parish,3.30,
park,2.00,
parka,5.40,
parlay,1.91,
parlor,3.18,
parlour,3.33,
parole,2.70,
parrot,4.90,
parry,1.73,
parsley,3.18,
part,1.18,
partake,2.30,
partial,1.70,
partner,3.55,
partridge,3.20,
party,4.80,
pass,2.10,
passage,3.00,
passion,4.27,
passive,2.10,
past,2.08,
pasta,5.70,
paste,3.60,
pastor,2.27,
pastry,4.36,
pasture,4.09,
pasty,3.18,
pat,1.64,
patch,1.91,
patent,1.70,
path,2.82,
patient,2.90,
patrol,2.60,
patron,2.80,
patter,3.09,
pattern,3.40,
paunch,2.09,
pause,2.50,
pave,2.80,
paw,4.00,
pawn,1.64,
pay,2.09,
payment,3.27,
pea,4.45,
peace,2.91,
peach,4.18,
peacock,4.82,
peak,2.91,
peal,2.70,
peanut,4.00,
pear,3.80,
pearl,3.20,
peasant,3.50,
peat,2.09,
pebble,3.64,
pecan,3.78,
peck,3.00,
pedal,3.60,
peddle,3.00,
peek,3.00,
peel,3.50,
peep,2.70,
peer,2.83,
peeve,1.82,
peg,2.73,
pellet,2.30,
pelt,3.27,
pelvis,4.00,
pen,4.00,
penal,2.64,
penance,1.80,
pence,1.67,
penchant,1.55,
pencil,3.55,
pendant,2.70,
penguin,5.40,
pennant,2.90,
pension,1.91,
pent,1.30,
people,4.64,
pep,1.20,
pepper,4.73,
per,1.27,
perceive,2.20,
percent,2.20,
perch,2.45,
perchance,1.55,
perfect,2.80,
perform,3.18,
perfume,4.50,
perhaps,1.40,
peril,3.27,
perish,2.82,
perk,2.09,
permit,2.82,
persist,2.20,
person,4.30,
persuade,3.20,
pert,1.27,
perverse,1.60,
pervert,3.20,
pesky,3.09,
pest,3.00,
pestle,2.33,
pet,4.27,
petal,4.18,
petite,3.45,
petrol,3.18,
petty,2.18,
pew,3.00,
phantom,3.55,
phase,1.20,
pheasant,3.09,
phone,4.18,
phony,3.90,
photon,3.22,
phrase,2.27,
physics,3.40,
physique,5.00,
pick,3.36,
picket,2.64,
pickle,4.18,
pickup,3.30,
picnic,4.00,
picture,5.10,
piece,3.09,
pier,2.27,
pierce,4.10,
pig,2.50,
pigeon,3.80,
pigsty,3.73,
pike,2.30,
pile,2.27,
pilgrim,3.45,
pill,2.27,
pillage,2.64,
pillar,2.45,
pillow,5.20,
pilot,4.22,
pimp,2.60,
pimple,5.09,
pin,2.18,
pinch,4.00,
pine,2.40,
ping,3.27,
pink,3.08,
pint,3.00,
pinto,1.90,
pious,2.45,
pip,1.55,
pipe,2.70,
pirate,3.00,
pistol,3.70,
piston,2.80,
pit,2.09,
pitch,2.64,
pith,1.55,
pity,3.60,
pixie,3.00,
pizza,4.82,
pizzazz,3.27,
place,2.00,
placid,3.70,
plague,2.83,
plaid,1.82,
plain,1.64,
plaintiff,2.30,
plan,1.91,
plane,3.27,
planet,3.50,
plank,3.73,
plankton,2.55,
plant,2.64,
plaque,1.90,
plasma,4.20,
plastic,4.10,
plate,2.60,
plateau,2.73,
platform,3.45,
platoon,2.50,
play,3.10,
plaza,3.27,
plea,3.67,
plead,2.73,
pleasant,4.09,
please,2.10,
pleasure,4.73,
pleat,1.36,
pled,1.90,
pledge,2.00,
plenty,2.80,
pliers,4.20,
plight,2.36,
plod,2.33,
plop,4.33,
plow,2.50,
ploy,1.55,
pluck,3.80,
plug,2.09,
plum,3.30,
plumb,2.20,
plumber,4.60,
plume,3.20,
plump,2.82,
plunder,2.64,
plunge,2.70,
plunk,2.20,
plural,1.18,
plus,1.36,
plush,2.45,
ply,1.20,
poach,1.45,
pocket,2.50,
pod,1.55,
poem,4.56,
poet,4.00,
pogo,3.20,
poignant,2.55,
point,3.27,
poise,2.45,
poison,5.00,
poke,3.10,
poker,2.60,
polar,4.30,
pole,1.64,
police,5.10,
polish,3.40,
polite,3.18,
polka,3.27,
poll,2.50,
pollen,3.73,
polo,3.55,
pomp,1.80,
poncho,4.40,
pond,3.50,
ponder,3.90,
pony,3.80,
pooch,3.82,
poodle,5.00,
poof,2.73,
poop,4.17,
poor,2.36,
pop,4.64,
pope,3.92,
poppy,3.91,
porch,2.73,
pork,2.60,
porridge,3.91,
port,2.55,
portal,3.30,
portion,2.60,
portrait,4.10,
portray,2.73,
pose,1.82,
posh,2.36,
posse,3.30,
possess,2.10,
possum,3.50,
postal,2.55,
poster,3.09,
posture,3.36,
pot,3.82,
potent,3.82,
potion,4.70,
potty,4.40,
pouch,2.67,
poultry,4.36,
pounce,4.09,
pound,3.27,
pour,3.00,
pout,3.33,
powder,3.73,
power,4.80,
pox,2.09,
practice,4.27,
prairie,3.80,
praise,2.70,
prance,2.09,
prank,2.45,
pray,2.64,
prayer,3.33,
preach,3.42,
precinct,2.09,
precious,4.60,
precise,3.00,
predict,2.30,
preface,2.10,
prefer,2.00,
pregnant,3.73,
prelude,1.73,
premier,2.70,
premise,1.70,
prepare,2.64,
presence,2.18,
present,3.10,
preserve,2.36,
preserves,3.64,
press,3.08,
pressure,4.60,
prestige,3.10,
presto,1.80,
presume,2.10,
pretend,2.64,
pretty,4.90,
pretzel,5.10,
prevail,2.40,
prevent,1.70,
prey,2.18,
price,1.40,
prick,4.18,
pride,2.70,
priest,1.90,
prim,2.00,
prima,1.18,
primal,3.30,
primate,3.00,
prime,1.50,
primp,2.27,
prince,3.36,
princess,4.40,
print,2.27,
prior,1.55,
prism,3.00,
prison,4.20,
pristine,4.36,
private,2.82,
privilege,3.30,
privy,2.18,
prize,2.20,
pro,2.91,
probe,2.36,
problem,2.60,
proceed,2.45,
process,2.30,
proclaim,2.20,
prod,2.50,
produce,3.80,
product,1.90,
profane,3.18,
profile,2.45,
profit,2.30,
profound,2.91,
program,2.33,
progress,2.36,
project,3.20,
prom,3.73,
promise,2.50,
promo,2.36,
promote,2.60,
prompt,1.73,
prone,1.50,
prong,1.64,
pronounce,2.60,
pronto,2.64,
proof,2.10,
prop,1.55,
propane,3.09,
proper,2.30,
prose,1.60,
prospect,1.73,
prosper,2.30,
prostate,2.80,
protect,3.82,
protein,3.90,
protest,4.20,
proud,3.09,
prove,1.60,
proverb,2.64,
provide,2.30,
province,2.00,
provoke,3.00,
provost,2.10,
prow,1.50,
prowess,2.18,
prowl,2.82,
proxy,2.09,
prude,2.30,
prudent,2.00,
prune,2.55,
pry,2.50,
psalm,1.45,
psychic,3.45,
psycho,4.36,
pub,3.08,
public,3.00,
publish,2.40,
puck,2.50,
pudding,6.30,
puddle,5.20,
pudgy,4.18,
puff,3.30,
pug,1.80,
puke,4.83,
pull,2.50,
pulp,3.55,
pulpit,3.20,
pulsar,1.73,
pulse,4.00,
pump,3.73,
pumpkin,4.73,
pun,2.00,
punch,4.55,
puncture,4.36,
punish,3.82,
punk,2.27,
punt,2.82,
puny,3.00,
pup,3.67,
pupil,2.91,
puppet,4.80,
puppy,5.60,
purchase,2.70,
pure,2.60,
purge,3.73,
purple,4.56,
purpose,2.80,
purr,4.45,
purse,3.00,
pursue,4.60,
pursuit,3.10,
pus,5.10,
push,2.40,
put,1.30,
putrid,4.45,
putt,1.09,
putty,3.64,
puzzle,3.90,
pygmy,3.50,
pylon,2.40,
pyre,1.91,
python,3.55,
quack,4.60,
quad,3.08,
quadrant,1.70,
quail,1.73,
quaint,2.92,
quake,4.09,
qualm,2.09,
quantum,2.18,
quarrel,3.70,
quarry,3.60,
quart,2.42,
quarter,4.00,
quartet,3.09,
quartz,3.27,
quay,1.55,
queasy,4.70,
queen,3.00,
queer,2.82,
quell,2.00,
quench,2.70,
query,1.82,
quest,2.18,
question,3.00,
queue,2.60,
quibble,2.27,
quick,2.00,
quiet,3.55,
quill,2.64,
quilt,2.45,
quinine,1.82,
quip,1.55,
quirk,1.91,
quit,2.67,
quite,1.55,
quiz,2.92,
quota,1.45,
quote,3.45,
rabbi,4.00,
rabbit,4.50,
rabble,2.18,
rabid,3.91,
raccoon,4.10,
race,3.10,
rack,1.91,
racket,3.60,
racy,3.10,
radish,5.11,
raffle,2.80,
raft,2.50,
rag,3.18,
rage,2.82,
raid,2.83,
rail,2.73,
rainbow,5.30,
raise,2.27,
raisin,4.00,
rake,2.30,
rally,3.18,
ram,3.73,
ramble,3.00,
ramp,2.60,
rampage,3.27,
rampant,2.09,
rampart,2.18,
ran,3.64,
ranch,2.73,
random,2.00,
rang,4.36,
range,1.70,
rank,2.27,
ransom,2.80,
rant,3.91,
rap,3.40,
rape,4.10,
rapid,3.60,
rapids,5.40,
rapport,2.18,
rapt,1.55,
rapture,3.18,
rare,1.82,
rascal,2.55,
rash,3.27,
rasp,3.45,
rat,2.80,
ratchet,3.00,
rate,1.20,
rather,1.60,
ration,2.90,
rattle,3.09,
ravage,2.60,
rave,4.36,
raven,4.27,
ravine,3.90,
raw,3.70,
ray,2.00,
rays,3.20,
razor,4.73,
reach,2.27,
ready,1.80,
really,2.27,
realm,1.82,
ream,1.73,
reap,1.80,
rear,2.36,
reason,1.80,
rebel,2.80,
reboot,2.40,
recall,2.82,
recant,1.90,
recap,1.90,
receipt,4.10,
receive,2.36,
recent,1.60,
recess,3.45,
reckon,1.55,
recluse,2.40,
record,3.40,
recourse,2.00,
recruit,3.09,
red,4.10,
redeem,2.20,
reduce,1.50,
reed,2.55,
reef,2.80,
reefer,4.70,
reek,4.00,
reel,3.00,
refer,2.00,
reflect,3.60,
reflex,3.60,
refrain,2.36,
refuge,2.27,
refund,1.55,
refuse,3.27,
refute,1.91,
regal,3.30,
regard,1.91,
regent,2.60,
reggae,4.00,
regime,2.80,
region,1.91,
regret,2.50,
rehab,3.60,
rehearse,3.20,
reign,1.73,
rein,1.30,
reindeer,4.45,
reject,3.00,
rejoice,4.18,
relapse,3.91,
relate,1.56,
relay,2.60,
release,2.82,
relic,2.27,
relief,3.00,
relieve,2.60,
relish,2.55,
rely,2.20,
remain,1.82,
remark,1.91,
remind,1.55,
remiss,2.00,
remote,3.30,
remove,2.90,
rend,2.18,
render,1.60,
renounce,1.73,
rent,1.82,
rental,3.00,
repair,2.73,
repeat,2.10,
repel,3.00,
repent,2.90,
replace,2.50,
reply,2.27,
report,2.90,
repose,1.10,
reprieve,2.09,
reptile,4.45,
request,2.18,
require,2.00,
rescind,1.36,
rescue,3.36,
research,2.50,
resent,2.10,
reserve,2.27,
resign,2.27,
resin,2.82,
resist,2.36,
resolve,2.40,
resort,3.40,
resource,2.30,
respect,2.20,
respond,2.00,
response,2.20,
rest,2.82,
restore,2.27,
restrain,3.10,
restraint,3.30,
restrict,2.60,
result,2.45,
retail,2.10,
retain,2.09,
retch,3.09,
retire,2.09,
retract,2.10,
retreat,3.80,
retrieve,2.10,
return,1.90,
reuben,2.90,
rev,2.40,
reveal,3.40,
revel,2.55,
revenge,4.10,
revere,2.10,
reverse,4.00,
revert,1.82,
review,2.36,
revise,1.64,
revive,3.45,
revoke,2.40,
revolt,3.18,
revue,1.70,
reward,3.60,
rhino,4.82,
rhubarb,4.50,
rhyme,2.00,
rhythm,4.18,
rib,2.27,
ribbon,3.20,
rice,2.82,
rich,2.80,
rid,1.20,
riddle,3.00,
ride,3.00,
ridge,1.60,
riffraff,2.27,
rift,2.20,
rig,1.82,
right,2.91,
rigor,3.45,
rile,2.00,
rim,3.55,
rind,1.60,
ring,4.20,
rink,2.90,
rinse,3.20,
rip,3.58,
ripe,3.80,
ripple,3.73,
rise,3.00,
risk,2.67,
rite,1.10,
rival,2.30,
river,5.70,
roach,4.82,
road,2.60,
roam,4.10,
roar,3.50,
roast,4.40,
rob,2.33,
robe,2.30,
robin,4.18,
robot,2.82,
robust,3.73,
rock,3.55,
rocket,3.78,
rod,2.42,
rode,2.82,
rodent,3.64,
roe,1.27,
rogue,2.83,
role,1.55,
roll,3.17,
romance,4.70,
romp,3.09,
roof,3.55,
rook,2.42,
rookie,2.82,
room,2.00,
roost,1.40,
rooster,4.36,
root,2.92,
rope,2.83,
rose,4.73,
roster,2.70,
rot,4.09,
rotate,2.70,
rotten,5.60,
rouge,2.00,
rough,4.09,
roulette,4.70,
round,2.91,
rout,1.45,
route,2.50,
routine,2.70,
rove,1.30,
rowdy,4.20,
royal,3.40,
rub,2.80,
rubber,3.90,
rubbish,3.60,
rubble,3.36,
ruby,3.73,
ruckus,2.90,
rudder,2.91,
rude,2.30,
rue,1.20,
ruffle,4.40,
rug,4.36,
rugby,3.64,
rugged,4.18,
ruin,3.18,
rule,1.64,
rum,4.73,
rumba,3.60,
rumble,4.90,
rummage,3.09,
rummy,2.45,
rumor,2.60,
rumour,2.90,
rump,2.55,
run,3.36,
rung,2.09,
rupture,5.09,
rural,3.36,
rush,3.20,
rust,3.09,
rustic,3.45,
rustle,3.64,
rut,1.90,
rye,3.42,
saber,2.27,
sable,3.20,
sack,1.91,
sacred,2.91,
sad,2.82,
saddle,4.36,
sadist,2.73,
safe,2.00,
saffron,2.82,
sag,4.00,
saga,2.55,
sage,3.42,
said,2.25,
sail,3.00,
saint,3.18,
sake,1.82,
salad,3.82,
sale,1.92,
saline,3.50,
salmon,3.55,
salon,3.27,
saloon,3.70,
salsa,5.70,
salt,4.00,
salute,3.64,
salvage,2.30,
salve,2.42,
same,1.58,
sample,2.00,
sanction,2.20,
sanctum,2.45,
sand,3.40,
sandwich,5.09,
sane,2.18,
sang,3.33,
sank,3.64,
sap,2.91,
sapphire,4.00,
sardine,4.60,
sash,2.50,
sat,2.92,
satchel,3.27,
satin,3.73,
satire,2.45,
sauce,4.64,
saucer,2.36,
sauna,5.60,
sausage,4.30,
savage,4.45,
save,2.10,
savior,3.64,
savor,4.50,
savvy,3.18,
saw,2.64,
say,2.27,
saying,2.20,
scab,4.60,
scald,3.40,
scale,1.82,
scalp,4.82,
scalpel,4.40,
scamp,1.27,
scan,1.45,
scandal,2.82,
scant,2.00,
scar,3.80,
scarce,2.18,
scare,2.91,
scarf,3.00,
scatter,2.73,
scene,2.27,
scenic,4.10,
scepter,1.82,
scheme,1.80,
scholar,2.70,
school,3.00,
schooner,1.82,
science,2.45,
scissors,4.73,
scoff,2.40,
scold,2.82,
scoop,1.91,
scope,3.18,
scorch,4.40,
score,2.00,
scorn,2.90,
scotch,2.20,
scoundrel,2.55,
scour,2.50,
scourge,2.09,
scout,1.73,
scowl,3.20,
scrap,2.75,
scrape,3.90,
scratch,2.91,
scrawl,2.27,
scrawny,4.10,
scream,4.18,
screech,4.30,
screen,4.36,
screw,2.82,
scribble,4.09,
scribe,2.56,
scrimmage,4.18,
script,2.09,
scroll,4.27,
scrotum,4.09,
scrub,3.40,
scruff,3.90,
scruffy,4.45,
scrumptious,4.90,
scruples,1.91,
scuba,3.64,
sculpture,4.90,
scum,3.08,
scurry,3.50,
scurvy,2.60,
scuttle,2.90,
seal,2.80,
seam,2.27,
sear,2.00,
search,1.50,
season,5.00,
seat,3.18,
second,2.60,
secret,3.00,
sect,1.27,
section,2.00,
sector,1.55,
secure,4.09,
sedan,2.40,
sedate,3.00,
see,2.73,
seek,1.55,
seem,1.36,
seep,1.90,
segment,2.40,
seismic,2.91,
seize,3.00,
seizure,4.90,
seldom,2.60,
select,3.40,
selfish,3.00,
sell,2.09,
seltzer,4.44,
senate,3.20,
send,1.91,
senile,3.09,
sense,2.70,
sensor,2.40,
sent,2.00,
sentence,3.00,
sentry,3.50,
septic,3.60,
sequel,3.09,
sequence,2.18,
serene,3.80,
serf,1.82,
sergeant,3.80,
series,1.80,
sermon,4.18,
serpent,4.45,
servant,2.50,
serve,1.40,
service,2.30,
session,1.90,
set,2.08,
settle,2.90,
seven,4.30,
severe,3.27,
sew,3.27,
sewage,4.00,
sewer,3.18,
sex,4.70,
shabby,2.50,
shack,3.09,
shade,3.70,
shadow,4.73,
shaft,2.45,
shag,3.30,
shake,4.55,
shale,1.82,
shall,1.27,
shallow,3.90,
sham,1.73,
shaman,1.45,
shame,2.27,
shampoo,4.18,
shank,2.92,
shape,2.91,
share,2.42,
shark,3.70,
sharp,4.82,
shatter,4.00,
shave,3.50,
shawl,2.30,
she,1.60,
shear,2.60,
sheath,1.80,
sheathe,2.00,
sheave,1.18,
shed,3.91,
sheen,2.09,
sheep,2.50,
sheer,2.45,
sheet,3.82,
sheik,1.60,
shelf,1.64,
shell,3.67,
shelter,4.50,
shelve,3.55,
sherbet,4.18,
sheriff,2.73,
shield,1.70,
shift,1.83,
shill,1.10,
shilling,1.22,
shimmer,4.90,
shin,3.18,
shine,3.40,
shiner,3.00,
shingle,5.10,
ship,2.50,
shipment,2.27,
shirk,1.55,
shirt,4.55,
shiver,4.64,
shoal,1.55,
shock,3.09,
shoddy,3.00,
shoe,3.36,
shogun,2.00,
shone,2.64,
shook,3.18,
shoot,5.09,
shop,3.91,
shore,2.20,
short,3.45,
shortage,2.90,
shot,4.10,
should,1.09,
shoulder,5.10,
shout,3.36,
shove,3.92,
shovel,3.55,
show,2.10,
shower,4.36,
shrank,2.50,
shrapnel,4.00,
shred,2.64,
shrew,2.90,
shrewd,1.91,
shriek,4.80,
shrill,3.64,
shrimp,2.64,
shrine,2.91,
shrink,2.80,
shroud,1.91,
shrub,3.30,
shrug,3.70,
shrunk,2.30,
shuck,1.70,
shudder,4.20,
shun,2.18,
shunt,2.09,
shush,3.36,
shut,2.00,
shutter,3.73,
shuttle,3.00,
shy,2.40,
sibling,4.91,
sick,3.82,
sickle,3.09,
side,1.30,
siding,1.90,
siege,2.36,
sieve,1.45,
sift,2.18,
sigh,3.91,
sight,3.55,
sign,2.00,
signal,4.10,
silent,3.55,
silk,2.00,
sill,1.64,
silly,2.90,
silo,2.09,
silt,2.67,
silver,3.73,
simmer,3.90,
simple,1.55,
simply,1.70,
sin,2.20,
since,1.18,
sincere,3.10,
sing,4.20,
singe,3.60,
single,2.73,
sink,2.75,
sinus,4.40,
sip,3.00,
sir,2.55,
sire,1.55,
siren,5.30,
sirloin,5.60,
sister,5.40,
sit,2.20,
site,2.00,
six,1.70,
size,1.55,
sizzle,4.09,
skate,3.80,
sketch,2.80,
skew,1.91,
ski,3.27,
skid,2.60,
skill,2.36,
skillet,4.18,
skim,2.70,
skimp,1.90,
skin,3.90,
skinny,4.82,
skip,1.91,
skirmish,3.40,
skirt,3.80,
skittish,3.45,
skulk,2.67,
skunk,4.82,
sky,3.82,
slab,2.45,
slack,2.09,
slag,1.50,
slain,3.27,
slam,4.09,
slander,3.18,
slang,1.90,
slant,3.82,
slap,3.55,
slash,2.80,
slat,1.50,
slate,3.20,
slaughter,4.91,
slave,3.40,
slaw,1.45,
slay,3.09,
sled,3.00,
sledge,1.64,
sleek,2.83,
sleep,4.00,
sleet,4.00,
sleeve,2.92,
sleigh,3.00,
sleight,1.36,
slept,2.30,
sleuth,2.00,
slew,2.10,
slice,3.00,
slick,2.55,
slid,2.09,
slide,2.00,
slight,2.00,
slim,2.09,
slime,3.42,
sling,2.60,
slip,3.64,
slogan,2.50,
slop,2.60,
slope,4.00,
sloth,3.08,
slouch,2.64,
slow,2.00,
slug,2.80,
slum,2.90,
slumber,4.10,
slump,2.91,
slung,1.91,
slur,4.00,
slush,3.00,
slut,2.55,
sly,2.27,
smack,4.82,
small,1.80,
smart,2.42,
smash,3.27,
smear,3.40,
smell,2.82,
smile,4.36,
smirk,3.80,
smite,2.08,
smitten,3.45,
smock,1.70,
smog,3.91,
smooth,4.18,
smother,3.82,
smudge,3.55,
smug,1.92,
smuggle,3.18,
smut,2.00,
snack,3.50,
snafu,2.09,
snag,2.83,
snail,3.18,
snake,4.27,
snap,3.55,
snare,2.40,
snarl,4.27,
snatch,3.55,
sneak,3.55,
sneer,3.91,
sneeze,4.40,
snide,2.45,
sniff,4.00,
snip,2.45,
snipe,2.36,
snitch,3.09,
snob,2.18,
snoop,1.80,
snooty,2.64,
snooze,4.00,
snore,3.92,
snorkel,4.82,
snort,4.45,
snout,3.40,
snub,1.55,
snuff,2.60,
snug,3.18,
snuggle,5.90,
so,1.00,
soak,3.45,
soap,3.20,
soar,2.27,
sob,4.20,
sober,4.18,
soccer,3.82,
social,3.20,
sock,3.20,
socket,2.60,
sod,2.45,
soda,5.10,
sofa,4.00,
soft,4.60,
soil,3.50,
soiree,3.50,
solace,2.36,
solar,3.90,
sold,2.33,
soldier,4.73,
sole,1.50,
solemn,3.18,
solid,3.36,
solo,3.80,
solve,2.58,
solvent,2.60,
some,1.20,
someone,1.82,
something,1.18,
somewhere,3.45,
son,2.36,
sonar,3.70,
song,4.40,
sonic,3.90,
sonnet,2.60,
soon,1.45,
soot,3.10,
soothe,2.27,
sordid,2.30,
sore,4.00,
sorrow,4.09,
sorry,3.60,
sort,1.36,
sough,1.45,
sought,1.64,
soul,1.45,
sound,4.27,
soup,3.08,
sour,4.75,
source,1.45,
south,2.09,
sovereign,1.90,
sow,1.91,
soy,3.18,
spa,3.91,
spade,2.27,
span,2.36,
spandex,5.20,
spaniel,2.91,
spank,3.30,
spar,2.73,
spare,1.36,
spark,5.00,
sparkle,4.27,
sparrow,2.55,
sparse,2.18,
spasm,4.91,
spastic,3.70,
spat,3.50,
spatter,3.09,
spawn,1.73,
speak,2.20,
spear,3.60,
special,2.45,
species,2.00,
speck,2.50,
spectral,2.18,
spectrum,3.60,
sped,3.20,
speech,2.64,
speed,2.50,
spell,2.50,
spend,1.64,
spent,2.50,
sperm,3.83,
spew,3.50,
sphere,2.40,
sphinx,2.09,
spider,4.45,
spiffy,2.20,
spike,4.00,
spill,4.18,
spin,3.09,
spinach,6.10,
spine,3.27,
spinster,1.90,
spiral,3.60,
spire,1.91,
spirit,4.00,
spit,4.00,
spite,2.91,
splash,3.27,
splatter,4.80,
splay,2.36,
spleen,2.91,
splendid,3.10,
splendor,2.30,
splice,2.73,
splint,3.73,
split,3.45,
splotch,4.00,
splurge,3.36,
spoil,2.00,
spoke,2.67,
sponge,4.45,
spoof,1.60,
spook,2.40,
spool,1.27,
spoon,3.91,
spore,1.70,
sport,3.00,
spout,1.50,
sprain,3.36,
sprang,2.90,
sprawl,3.33,
spray,3.64,
spread,2.18,
spree,2.60,
sprig,1.40,
spring,3.36,
sprinkle,4.27,
sprint,3.27,
sprite,3.50,
sprout,3.00,
spruce,1.91,
sprung,2.55,
spry,2.45,
spud,2.82,
spun,2.27,
spunk,2.92,
spur,2.67,
spurn,1.91,
spurt,2.73,
spy,3.09,
squad,2.58,
squadron,3.20,
squall,1.20,
squander,2.73,
square,3.36,
squash,3.40,
squat,3.67,
squaw,1.80,
squawk,4.40,
squeak,4.09,
squeal,4.17,
squeamish,3.64,
squeeze,3.40,
squelch,3.09,
squid,4.50,
squint,5.10,
squire,1.30,
squirm,4.20,
squirrel,4.18,
squirt,4.50,
stab,3.45,
stable,3.00,
stack,2.40,
staff,1.91,
stag,2.64,
stage,3.18,
stagger,3.64,
stain,2.36,
stair,3.18,
stake,2.10,
stalk,2.10,
stall,2.91,
stamp,2.45,
stampede,4.30,
stance,2.50,
stanch,1.60,
stand,2.80,
standard,2.20,
stank,3.50,
staple,2.60,
stapler,3.50,
star,2.80,
starch,1.90,
stardom,3.30,
stardust,2.60,
stare,3.09,
stark,2.60,
starlet,2.70,
start,2.50,
startle,3.91,
starve,4.27,
state,2.30,
statement,1.36,
static,3.30,
station,2.45,
statue,3.73,
stature,2.27,
status,2.64,
statute,2.50,
staunch,1.82,
stay,1.55,
stead,1.90,
steady,2.00,
steak,5.18,
steal,1.64,
stealth,2.00,
steam,3.27,
steed,1.73,
steel,3.82,
steep,2.92,
steer,3.08,
stein,1.36,
stellar,2.27,
stem,3.00,
stench,3.91,
step,2.70,
steppe,2.17,
sterile,4.00,
sterling,2.36,
stern,2.18,
sternum,2.60,
steward,2.60,
stick,2.80,
stickler,2.80,
stiff,2.08,
stigma,2.50,
stile,1.40,
still,2.58,
stilt,2.30,
sting,3.45,
stingy,2.90,
stink,4.36,
stint,1.36,
stir,3.00,
stitch,2.10,
stock,1.75,
stockade,2.18,
stoke,2.25,
stole,1.73,
stomach,3.70,
stone,2.90,
stood,1.70,
stooge,2.10,
stool,1.73,
stoop,3.64,
stop,1.70,
storage,3.18,
store,1.82,
stork,1.73,
storm,3.90,
story,3.09,
stout,2.80,
stove,3.67,
stow,2.27,
straddle,5.10,
straight,2.45,
strain,3.73,
strand,1.60,
strange,2.20,
stranger,4.20,
strangle,4.36,
strap,2.82,
straw,2.91,
stray,2.50,
streak,2.82,
stream,2.36,
street,3.36,
strength,2.30,
stress,4.18,
stretch,4.45,
stretcher,3.70,
stricken,3.50,
strict,2.50,
stride,3.25,
strife,2.25,
strike,3.82,
string,3.18,
strip,3.09,
stripe,2.82,
strive,1.50,
strode,2.18,
stroke,3.17,
stroll,2.64,
stroller,3.40,
strong,2.70,
strove,1.45,
struck,2.92,
strudel,3.82,
struggle,4.20,
strum,3.45,
strung,3.45,
strut,3.42,
stubborn,3.40,
stuck,2.09,
stud,2.55,
student,3.89,
study,2.80,
stuff,2.50,
stumble,3.73,
stump,2.90,
stun,2.45,
stung,4.00,
stunt,1.55,
stupid,2.60,
sturdy,3.09,
sty,2.30,
style,2.80,
suave,3.10,
subdue,1.91,
subject,2.20,
sublet,2.11,
sublime,3.55,
submit,2.18,
subscribe,2.00,
substance,2.82,
subtle,1.90,
subtract,1.90,
suburb,4.36,
subway,5.30,
succeed,2.60,
success,3.00,
such,1.30,
suck,3.90,
suction,2.78,
sudden,3.10,
sue,1.73,
suede,3.55,
suffer,3.30,
suffice,1.80,
sugar,5.40,
suggest,2.20,
suit,2.40,
suite,2.91,
suitor,3.09,
sulfur,3.33,
sulk,2.82,
sully,1.90,
sulphur,3.91,
sultan,2.00,
summer,5.40,
summit,2.82,
summon,1.80,
summons,1.80,
sun,4.60,
sundae,4.70,
sung,3.64,
sunk,3.27,
sunny,5.10,
sup,2.00,
super,2.73,
superb,2.20,
supper,5.00,
supple,3.09,
supply,1.82,
support,2.64,
suppose,1.70,
suppress,2.64,
supreme,2.40,
sure,2.10,
surf,3.70,
surface,2.90,
surge,2.40,
surgeon,4.50,
surly,2.36,
surplus,2.60,
surprise,3.10,
surreal,3.60,
surround,1.80,
survey,3.20,
survive,3.80,
sushi,5.90,
suspect,2.18,
suspend,3.60,
suspense,3.10,
sustain,2.30,
suture,2.80,
swab,3.50,
swag,2.36,
swallow,3.80,
swam,3.33,
swamp,4.36,
swan,2.80,
swank,2.91,
swap,2.30,
swarm,3.18,
swash,2.75,
swat,2.91,
swath,1.55,
swathe,2.36,
sway,3.20,
swear,2.45,
sweat,4.40,
sweater,4.90,
sweep,2.45,
sweet,4.45,
swell,3.45,
swept,2.92,
swerve,3.00,
swift,2.00,
swig,3.91,
swim,3.91,
swindle,2.27,
swine,3.83,
swing,3.18,
swipe,3.00,
swirl,2.55,
swish,3.17,
switch,2.20,
swoon,2.91,
swoop,2.45,
sword,4.18,
swore,3.42,
sworn,1.36,
swum,2.58,
swung,3.83,
symbol,2.30,
symptom,2.73,
sync,1.92,
syndrome,2.30,
syringe,4.36,
syrup,4.82,
system,1.73,
tab,1.18,
table,3.90,
tablet,2.64,
tabloid,3.20,
taboo,3.90,
tack,3.00,
tackle,4.00,
taco,4.50,
tact,2.00,
tactic,2.40,
taffy,4.00,
tag,1.91,
tail,2.50,
tailor,3.70,
taint,2.91,
take,1.92,
talc,2.27,
talcum,2.73,
tale,2.67,
talent,2.91,
talk,2.50,
tall,2.50,
talon,3.60,
tame,2.58,
tampon,2.91,
tan,3.60,
tangle,3.60,
tango,3.64,
tank,2.00,
tantrum,4.50,
tap,3.82,
tape,3.18,
taps,2.10,
tar,3.20,
tardy,2.70,
target,4.10,
tart,3.80,
tartar,3.90,
task,1.20,
tassel,3.20,
taste,4.00,
tattoo,4.91,
taught,2.27,
taunt,2.70,
taut,2.45,
tavern,3.73,
tawdry,1.20,
tax,1.40,
taxi,4.60,
tea,4.08,
teach,2.20,
teacher,4.00,
teal,2.73,
team,2.73,
tear,2.82,
tease,3.30,
technique,3.10,
tee,1.55,
teem,2.18,
teeming,2.73,
teen,1.60,
teeth,4.00,
tell,2.17,
temper,4.36,
tempest,4.90,
temple,3.27,
tempo,3.73,
tempt,2.36,
ten,1.36,
tenant,2.18,
tend,1.55,
tender,4.00,
tendon,3.55,
tennis,4.30,
tenor,3.40,
tense,3.50,
tension,4.82,
tent,2.00,
tenth,1.64,
tenure,1.55,
tepee,4.27,
term,2.18,
termite,3.55,
terrace,3.45,
terrain,5.10,
terror,4.50,
test,2.00,
text,2.50,
texture,4.10,
than,1.17,
thank,3.00,
that,1.30,
thaw,3.60,
the,1.00,
theft,2.00,
their,1.55,
them,1.92,
theme,2.18,
then,1.00,
thence,1.10,
theory,2.27,
therefore,1.50,
thermal,3.70,
these,1.27,
thesis,2.55,
they,1.92,
thick,2.17,
thief,2.45,
thieve,1.90,
thigh,2.55,
thin,3.70,
think,2.64,
third,1.73,
thirst,5.20,
this,1.30,
thong,3.64,
thorn,5.20,
thorough,1.70,
those,1.00,
though,1.09,
thought,2.10,
thousand,2.64,
thrash,3.55,
thread,2.36,
threat,2.64,
three,2.36,
thresh,1.50,
threshold,2.40,
threw,2.18,
thrice,1.64,
thrift,2.00,
thrill,3.60,
thrive,2.36,
throat,3.60,
throb,4.55,
throne,3.09,
throng,2.40,
throttle,3.64,
through,1.50,
throw,3.17,
thrown,2.90,
thrust,3.00,
thud,3.20,
thug,3.55,
thumb,3.20,
thump,3.00,
thunder,5.00,
thus,1.17,
thwart,2.27,
thyme,3.45,
thyroid,2.73,
tic,2.42,
tick,2.91,
ticket,3.00,
tickle,5.09,
tidy,3.90,
tie,2.70,
tier,2.58,
tiger,5.40,
tights,3.00,
tile,3.09,
till,1.30,
tilt,3.08,
timber,3.40,
time,2.40,
timid,2.60,
tin,2.90,
tinge,2.82,
tingle,4.82,
tinker,2.18,
tinkle,4.18,
tint,2.00,
tiny,2.70,
tip,1.64,
tipsy,4.50,
tire,3.30,
tissue,3.60,
tit,3.33,
titan,3.45,
title,2.27,
to,1.09,
toad,3.00,
toast,3.09,
today,3.64,
toddler,4.55,
toe,3.91,
tofu,3.91,
toga,3.89,
toil,2.55,
toilet,3.73,
token,3.30,
told,1.60,
toll,1.64,
tomb,4.00,
ton,2.91,
tone,3.55,
toner,2.45,
tong,1.70,
tongue,4.27,
tonic,3.82,
tonight,3.45,
tonsils,3.36,
too,1.18,
took,1.30,
tool,2.58,
toot,3.00,
tooth,3.45,
top,2.00,
topaz,4.00,
topic,2.00,
topple,3.10,
torch,4.00,
torment,4.20,
torn,2.09,
torrid,1.60,
torso,3.45,
tort,1.80,
tortoise,4.50,
torture,3.18,
toss,3.00,
tot,1.91,
total,2.00,
tote,1.50,
totem,4.30,
touch,4.09,
tough,3.27,
toupee,3.09,
tour,2.30,
tow,1.50,
towel,3.82,
tower,3.90,
town,1.82,
toxic,4.80,
toxin,3.64,
trace,2.33,
track,2.00,
tract,2.18,
traction,3.30,
tractor,3.91,
traffic,5.70,
tragic,3.40,
trail,2.70,
trailer,3.90,
train,4.45,
trait,1.73,
traitor,2.70,
tram,1.64,
tramp,3.08,
trample,4.18,
trance,2.90,
tranquil,4.00,
transfer,1.82,
transit,2.30,
translate,1.80,
transmit,2.10,
transplant,3.18,
transport,3.10,
trap,2.60,
trapeze,3.09,
trash,3.25,
trauma,5.09,
travel,3.27,
traverse,2.40,
tray,2.00,
tread,2.45,
treason,1.82,
treasure,4.00,
treat,3.08,
treatment,2.45,
treaty,2.00,
tree,4.45,
trek,1.36,
tremble,3.36,
tremor,3.73,
trench,4.00,
trend,1.55,
trespass,3.18,
triad,1.91,
trial,2.55,
tribal,3.90,
tribe,1.90,
tribute,2.64,
trick,2.82,
trifle,3.10,
trigger,3.50,
trill,3.75,
trim,2.10,
trinket,2.45,
trio,3.10,
trip,3.00,
tripe,1.64,
triple,2.60,
tripod,2.45,
trite,1.40,
triumph,3.91,
trod,2.82,
troll,3.45,
trolley,3.40,
trombone,3.91,
troop,1.82,
trooper,2.82,
trophy,3.91,
tropic,4.30,
trot,3.33,
trouble,2.82,
trough,1.64,
trounce,2.27,
troupe,2.10,
trouper,2.00,
trousers,2.90,
truce,1.82,
truck,2.90,
trudge,2.60,
true ,2.00,
trump,1.60,
trumpet,5.20,
trunk,2.10,
trust,2.27,
try,1.91,
tub,3.25,
tuba,4.90,
tube,2.10,
tuck,1.67,
tug,2.73,
tulip,4.70,
tumble,3.60,
tummy,4.20,
tumor,4.60,
tuna,5.40,
tune,3.42,
tunic,2.60,
tunnel,3.36,
turban,3.45,
turbine,2.91,
turf,3.10,
turkey,4.45,
turmoil,3.64,
turn,1.91,
turnip,3.00,
turtle,3.36,
tusk,2.80,
tutor,4.36,
tutu,2.89,
twang,1.82,
tweed,3.60,
tweet,2.55,
twelfth,1.50,
twelve,1.73,
twerp,2.00,
twice,1.40,
twig,1.80,
twin,3.36,
twine,1.91,
twinge,2.80,
twinkle,4.20,
twirl,3.55,
twist,3.20,
twister,3.55,
twit,1.64,
twitch,3.00,
two,1.82,
tycoon,3.00,
tyke,1.55,
type,2.10,
typhoon,4.27,
typo,2.30,
tyrant,3.50,
ugly,4.45,
ulcer,3.30,
ultra,3.10,
uncle,4.50,
uncouth,1.60,
union,1.91,
unique,3.10,
unite,3.09,
unless,2.00,
until,1.70,
up,2.91,
upon,1.50,
upset,3.60,
urban,3.91,
urge,2.90,
urgent,3.82,
urn,2.00,
us,2.36,
usher,3.64,
utmost,1.64,
utter,2.55,
vacant,3.18,
vacate,2.10,
vaccine,3.36,
vagrant,2.30,
vague,1.40,
vain,2.09,
vale,1.40,
valet,3.20,
valid,1.90,
valley,2.73,
valor,2.64,
valve,2.67,
vamoose,1.36,
vamp,2.00,
vampire,6.00,
van,3.36,
vane,1.91,
vanish,3.64,
vanquish,3.00,
vantage,1.90,
vapor,4.10,
varmint,3.30,
vary,1.64,
vase,2.70,
vassal,2.10,
vast,2.50,
vault,1.70,
veal,3.83,
vector,2.10,
veer,2.00,
vegan,3.45,
veil,2.91,
vein,3.73,
velcro,4.27,
velvet,3.91,
vend,3.08,
vendor,3.30,
veneer,2.30,
venom,4.00,
vent,2.64,
venture,3.00,
venue,2.91,
venus,3.00,
verb,1.40,
verbal,3.60,
verdict,1.91,
verge,1.91,
vermin,3.40,
vermouth,4.40,
verse,2.50,
versed,1.00,
version,2.00,
versus,2.09,
very,1.55,
vessel,2.80,
vest,2.30,
veto,2.30,
vex,2.09,
vibrant,4.80,
vibrate,5.00,
vicar,2.40,
vice,2.45,
vicious,3.80,
victim,3.44,
vie,2.08,
view,3.73,
vigil,3.18,
vile,2.45,
villa,4.09,
village,3.50,
villain,3.60,
vintage,2.60,
vinyl,3.18,
viper,4.36,
virgin,4.55,
virile,2.36,
virtue,2.60,
virus,4.10,
visa,4.80,
vise,1.70,
vision,3.36,
visor,3.40,
vital,3.45,
vitro,1.78,
vivid,3.70,
vixen,3.64,
vodka,5.40,
vogue,1.73,
voice,3.80,
void,1.64,
volt,3.50,
voltage,4.36,
volume,3.91,
vomit,5.18,
voodoo,3.91,
vortex,3.60,
vote,2.18,
vouch,1.55,
voucher,2.00,
vow,2.18,
vowel,2.27,
voyage,3.82,
vulgar,4.50,
vulture,4.64,
wacky,2.70,
wad,2.10,
waffle,5.18,
wag,3.00,
wage,2.36,
wager,2.91,
wagon,3.40,
waif,1.91,
wail,2.70,
waist,3.73,
wait,1.92,
waiter,3.36,
waitress,3.60,
waive,3.60,
waiver,2.64,
wake,2.55,
wale,1.82,
wall,3.73,
wallet,4.80,
wallop,3.00,
wallow,2.73,
walnut,6.50,
walrus,4.60,
waltz,3.10,
wand,3.00,
wander,3.30,
wane,1.80,
want,2.55,
wanted,3.10,
wanton,2.45,
war,3.27,
ward,1.80,
warden,2.36,
ware,1.18,
warlock,3.30,
warm,3.91,
warn,2.10,
warp,3.27,
warrant,2.70,
wart,3.30,
wary,2.64,
was,1.00,
wash,2.64,
wasp,2.91,
waste,2.50,
watch,1.91,
water,6.33,
watt,1.64,
wave,2.91,
wax,4.50,
way,1.27,
we,1.50,
weak,2.00,
wealth,3.18,
wean,1.90,
weapon,3.73,
wear,2.00,
weary,3.36,
weasel,4.50,
weather,4.09,
weave,2.90,
web,2.30,
wed,2.20,
wedding,4.70,
wedgie,5.00,
wedlock,1.64,
wee,3.00,
weed,4.40,
week,2.00,
weekend,3.80,
weep,3.36,
weigh,2.18,
weird,2.00,
weirdo,3.45,
welch,2.10,
welcome,2.90,
weld,1.73,
welfare,2.00,
well,1.73,
welsh,1.40,
welt,2.82,
went,1.36,
wept,3.60,
were,1.45,
west,2.20,
whack,4.42,
whale,3.18,
wham,2.82,
whammy,2.40,
wharf,2.60,
what,1.18,
wheat,2.00,
wheel,2.80,
wheeze,3.20,
whelp,1.70,
when,1.18,
whence,1.27,
where,1.18,
whereas,1.70,
whet,1.60,
whether,2.10,
whey,1.60,
which,1.18,
whiff,3.80,
while,1.64,
whim,1.73,
whimper,4.45,
whine,3.64,
whirl,2.45,
whisk,3.36,
whiskey,5.40,
whisky,4.36,
whisper,4.09,
whistle,4.18,
whit,1.92,
white,2.91,
whiz,1.82,
who,1.09,
whole,2.64,
whom,1.75,
whoop,3.30,
whoopee,3.33,
whopper,4.70,
whore,3.10,
wick,2.70,
wicked,4.00,
widow,3.80,
width,2.00,
wield,2.00,
wife,3.45,
wig,3.00,
wiggle,3.50,
wild,2.91,
will,1.91,
wilt,3.18,
wily,2.64,
win,2.92,
wince,3.45,
winch,1.90,
window,4.27,
wine,3.82,
wink,4.33,
winter,5.82,
wipe,3.60,
wisdom,3.10,
wise,2.10,
wish,2.64,
wisp,2.36,
wit,1.91,
witch,2.50,
with,1.18,
withdraw,2.50,
wither,2.90,
without,2.20,
witness,2.82,
wives,2.55,
wizard,4.50,
wobble,3.73,
woe,1.82,
woke,3.17,
wolf,4.50,
wolves,4.36,
woman,5.30,
womb,3.55,
won,1.80,
wonder,3.91,
wondrous,3.27,
woo,3.40,
wood,3.00,
wool,4.17,
woozy,3.80,
word,1.42,
work,3.55,
world,3.00,
worry,3.00,
worse,2.45,
worship,3.90,
worst,2.00,
worth,1.82,
would,1.83,
wove,2.67,
wrack,2.27,
wrap,2.80,
wrath,2.60,
wreak,2.73,
wreath,2.00,
wreathe,1.55,
wreck,3.00,
wren,2.00,
wrench,2.36,
wrestle,4.40,
wretch,2.45,
wring,3.18,
wrinkle,3.36,
wrist,3.18,
writ,1.40,
write,4.00,
writhe,3.18,
wrong,2.27,
wrote,3.82,
wroth,1.00,
wrought,1.50,
wrung,2.30,
wry,1.91,
yacht,2.70,
yahoo,4.45,
yak,3.60,
yam,3.64,
yank,2.45,
yap,2.82,
yard,2.00,
yarn,2.10,
yawn,4.60,
yea,1.60,
year,1.73,
yearn,2.00,
yeast,2.80,
yell,4.36,
yellow,5.09,
yelp,4.00,
yen,1.73,
yes,1.70,
yet,1.00,
yew,1.83,
yield,2.09,
yodel,4.50,
yoga,4.55,
yogurt,5.30,
yoke,2.00,
yolk,2.00,
yonder,2.18,
yore,1.55,
you,3.45,
young,2.55,
yourself,4.00,
youth,2.09,
yule,2.50,
yummy,4.10,
yuppie,3.40,
zeal,1.64,
zebra,4.40,
zephyr,2.44,
zero,4.20,
zest,3.36,
zinc,1.91,
zip,4.18,
zipper,5.90,
zombie,4.36,
zoo,3.40,
zoom,3.40,